id,text,label
0,amar nam Nusrat Jahan amar phone 01955667788,1
1,Contact me at david@gmail.com,1
2,Contact me at rahim@gmail.com,1
3,amar email holo john@yahoo.com,1
4,Nusrat Jahan lives in New York USA and email is rahim@gmail.com,1
5,My name is David Miller and my phone number is 01712345678,1
6,Contact me at rahim@gmail.com,1
7,I live at Chittagong Bangladesh,0
8,My NID number is 1234567890,1
9,amar nam Rahim Ahmed amar phone 01712345678,1
10,David Miller lives in Chittagong Bangladesh and email is john@yahoo.com,1
11,My NID number is 1234567890,1
12,amar nam Nusrat Jahan amar phone 01955667788,1
13,My name is Nusrat Jahan and my phone number is 01712345678,1
14,John Smith lives in Dhaka Bangladesh and email is rahim@gmail.com,1
15,I live at Dhaka Bangladesh,0
16,amar email holo john@yahoo.com,1
17,My NID number is 1234567890,1
18,amar email holo john@yahoo.com,1
19,My name is Nusrat Jahan and my phone number is 01898765432,1
20,John Smith lives in Chittagong Bangladesh and email is rahim@gmail.com,1
21,amar email holo david@gmail.com,1
22,I live at New York USA,0
23,I live at Chittagong Bangladesh,0
24,I live at Dhaka Bangladesh,0
25,Karim Hasan lives in Dhaka Bangladesh and email is david@gmail.com,1
26,I live at Dhaka Bangladesh,0
27,Contact me at david@gmail.com,1
28,I live at Dhaka Bangladesh,0
29,Contact me at john@yahoo.com,1
30,Contact me at rahim@gmail.com,1
31,Contact me at david@gmail.com,1
32,David Miller lives in Dhaka Bangladesh and email is david@gmail.com,1
33,amar nam Karim Hasan amar phone 01955667788,1
34,amar email holo john@yahoo.com,1
35,My name is Nusrat Jahan and my phone number is 01712345678,1
36,amar email holo rahim@gmail.com,1
37,amar email holo david@gmail.com,1
38,My name is Karim Hasan and my phone number is 01898765432,1
39,Karim Hasan lives in Dhaka Bangladesh and email is rahim@gmail.com,1
40,My NID number is 9876543210,1
41,My name is John Smith and my phone number is 01712345678,1
42,My name is David Miller and my phone number is 01712345678,1
43,My NID number is 9876543210,1
44,John Smith lives in Chittagong Bangladesh and email is john@yahoo.com,1
45,amar email holo rahim@gmail.com,1
46,amar email holo john@yahoo.com,1
47,David Miller lives in New York USA and email is john@yahoo.com,1
48,amar email holo rahim@gmail.com,1
49,My NID number is 1234567890,1
50,amar email holo david@gmail.com,1
51,Nusrat Jahan lives in Dhaka Bangladesh and email is rahim@gmail.com,1
52,ami thaki Chittagong Bangladesh,0
53,Contact me at rahim@gmail.com,1
54,David Miller lives in Chittagong Bangladesh and email is rahim@gmail.com,1
55,amar email holo rahim@gmail.com,1
56,amar nam John Smith amar phone 01898765432,1
57,I live at Chittagong Bangladesh,0
58,Contact me at rahim@gmail.com,1
59,Nusrat Jahan lives in Dhaka Bangladesh and email is john@yahoo.com,1
60,My NID number is 9876543210,1
61,amar nam Nusrat Jahan amar phone 01898765432,1
62,amar email holo rahim@gmail.com,1
63,My NID number is 9876543210,1
64,amar nam David Miller amar phone 01955667788,1
65,amar email holo john@yahoo.com,1
66,ami thaki Dhaka Bangladesh,0
67,My name is John Smith and my phone number is 01898765432,1
68,amar email holo david@gmail.com,1
69,I live at New York USA,0
70,amar email holo rahim@gmail.com,1
71,My name is John Smith and my phone number is 01898765432,1
72,Contact me at david@gmail.com,1
73,Nusrat Jahan lives in Chittagong Bangladesh and email is john@yahoo.com,1
74,My name is David Miller and my phone number is 01898765432,1
75,My name is John Smith and my phone number is 01898765432,1
76,Contact me at david@gmail.com,1
77,Contact me at john@yahoo.com,1
78,David Miller lives in Chittagong Bangladesh and email is john@yahoo.com,1
79,amar nam Nusrat Jahan amar phone 01898765432,1
80,amar email holo rahim@gmail.com,1
81,amar email holo rahim@gmail.com,1
82,amar email holo rahim@gmail.com,1
83,amar nam John Smith amar phone 01955667788,1
84,ami thaki New York USA,0
85,I live at Dhaka Bangladesh,0
86,My NID number is 1234567890,1
87,Contact me at john@yahoo.com,1
88,I live at Dhaka Bangladesh,0
89,amar email holo rahim@gmail.com,1
90,Rahim Ahmed lives in New York USA and email is john@yahoo.com,1
91,I live at New York USA,0
92,amar email holo rahim@gmail.com,1
93,Rahim Ahmed lives in Chittagong Bangladesh and email is david@gmail.com,1
94,amar nam Karim Hasan amar phone 01955667788,1
95,ami thaki New York USA,0
96,amar nam Rahim Ahmed amar phone 01898765432,1
97,Contact me at john@yahoo.com,1
98,My name is Rahim Ahmed and my phone number is 01712345678,1
99,I live at Chittagong Bangladesh,0
100,ami thaki Dhaka Bangladesh,0
101,Nusrat Jahan lives in Chittagong Bangladesh and email is david@gmail.com,1
102,amar nam David Miller amar phone 01898765432,1
103,My name is Rahim Ahmed and my phone number is 01898765432,1
104,My name is Nusrat Jahan and my phone number is 01898765432,1
105,My NID number is 9876543210,1
106,amar nam Nusrat Jahan amar phone 01898765432,1
107,Nusrat Jahan lives in Chittagong Bangladesh and email is rahim@gmail.com,1
108,amar email holo john@yahoo.com,1
109,Contact me at john@yahoo.com,1
110,amar nam Rahim Ahmed amar phone 01712345678,1
111,ami thaki New York USA,0
112,ami thaki Chittagong Bangladesh,0
113,My NID number is 9876543210,1
114,John Smith lives in Chittagong Bangladesh and email is john@yahoo.com,1
115,amar email holo david@gmail.com,1
116,amar nam John Smith amar phone 01712345678,1
117,amar nam John Smith amar phone 01712345678,1
118,ami thaki Dhaka Bangladesh,0
119,ami thaki Dhaka Bangladesh,0
120,I live at Dhaka Bangladesh,0
121,My name is Rahim Ahmed and my phone number is 01712345678,1
122,My name is David Miller and my phone number is 01898765432,1
123,My NID number is 9876543210,1
124,My name is David Miller and my phone number is 01898765432,1
125,amar nam Rahim Ahmed amar phone 01955667788,1
126,My name is Nusrat Jahan and my phone number is 01712345678,1
127,My name is Rahim Ahmed and my phone number is 01898765432,1
128,My NID number is 1234567890,1
129,amar email holo john@yahoo.com,1
130,amar email holo john@yahoo.com,1
131,Contact me at rahim@gmail.com,1
132,My NID number is 1234567890,1
133,amar email holo rahim@gmail.com,1
134,ami thaki New York USA,0
135,David Miller lives in Dhaka Bangladesh and email is john@yahoo.com,1
136,Contact me at rahim@gmail.com,1
137,My name is John Smith and my phone number is 01955667788,1
138,amar email holo david@gmail.com,1
139,ami thaki Dhaka Bangladesh,0
140,amar nam Karim Hasan amar phone 01955667788,1
141,My NID number is 1234567890,1
142,My NID number is 1234567890,1
143,My NID number is 9876543210,1
144,My name is John Smith and my phone number is 01955667788,1
145,Contact me at john@yahoo.com,1
146,amar email holo david@gmail.com,1
147,I live at Dhaka Bangladesh,0
148,My name is David Miller and my phone number is 01955667788,1
149,My name is Karim Hasan and my phone number is 01898765432,1
150,My name is Rahim Ahmed and my phone number is 01955667788,1
151,My name is David Miller and my phone number is 01712345678,1
152,Nusrat Jahan lives in Dhaka Bangladesh and email is john@yahoo.com,1
153,amar email holo rahim@gmail.com,1
154,My NID number is 9876543210,1
155,Contact me at john@yahoo.com,1
156,My NID number is 9876543210,1
157,amar email holo john@yahoo.com,1
158,amar email holo david@gmail.com,1
159,My NID number is 9876543210,1
160,My NID number is 1234567890,1
161,I live at Chittagong Bangladesh,0
162,My NID number is 9876543210,1
163,amar email holo rahim@gmail.com,1
164,amar nam Rahim Ahmed amar phone 01898765432,1
165,David Miller lives in Chittagong Bangladesh and email is david@gmail.com,1
166,My NID number is 1234567890,1
167,John Smith lives in Dhaka Bangladesh and email is john@yahoo.com,1
168,I live at New York USA,0
169,amar email holo john@yahoo.com,1
170,I live at Chittagong Bangladesh,0
171,ami thaki Chittagong Bangladesh,0
172,ami thaki Chittagong Bangladesh,0
173,My NID number is 1234567890,1
174,Karim Hasan lives in Dhaka Bangladesh and email is john@yahoo.com,1
175,David Miller lives in Chittagong Bangladesh and email is rahim@gmail.com,1
176,I live at New York USA,0
177,My NID number is 1234567890,1
178,amar email holo david@gmail.com,1
179,My NID number is 1234567890,1
180,Karim Hasan lives in Chittagong Bangladesh and email is david@gmail.com,1
181,ami thaki Dhaka Bangladesh,0
182,Contact me at david@gmail.com,1
183,ami thaki Dhaka Bangladesh,0
184,I live at New York USA,0
185,My NID number is 1234567890,1
186,amar nam John Smith amar phone 01955667788,1
187,My name is Karim Hasan and my phone number is 01898765432,1
188,My name is Karim Hasan and my phone number is 01712345678,1
189,amar nam Nusrat Jahan amar phone 01955667788,1
190,Contact me at rahim@gmail.com,1
191,ami thaki New York USA,0
192,Contact me at john@yahoo.com,1
193,My NID number is 1234567890,1
194,amar email holo rahim@gmail.com,1
195,I live at New York USA,0
196,amar email holo rahim@gmail.com,1
197,amar nam David Miller amar phone 01898765432,1
198,My NID number is 9876543210,1
199,ami thaki Dhaka Bangladesh,0
200,ami thaki Chittagong Bangladesh,0
201,amar email holo rahim@gmail.com,1
202,My name is Karim Hasan and my phone number is 01712345678,1
203,amar nam Rahim Ahmed amar phone 01898765432,1
204,David Miller lives in Chittagong Bangladesh and email is rahim@gmail.com,1
205,My name is John Smith and my phone number is 01955667788,1
206,I live at Chittagong Bangladesh,0
207,I live at Dhaka Bangladesh,0
208,Nusrat Jahan lives in Chittagong Bangladesh and email is david@gmail.com,1
209,Karim Hasan lives in Dhaka Bangladesh and email is david@gmail.com,1
210,Contact me at david@gmail.com,1
211,amar nam Nusrat Jahan amar phone 01955667788,1
212,Contact me at john@yahoo.com,1
213,ami thaki Dhaka Bangladesh,0
214,amar nam Rahim Ahmed amar phone 01898765432,1
215,I live at New York USA,0
216,Rahim Ahmed lives in Dhaka Bangladesh and email is john@yahoo.com,1
217,I live at New York USA,0
218,Contact me at john@yahoo.com,1
219,ami thaki Chittagong Bangladesh,0
220,Nusrat Jahan lives in Chittagong Bangladesh and email is john@yahoo.com,1
221,My name is John Smith and my phone number is 01712345678,1
222,My name is John Smith and my phone number is 01898765432,1
223,I live at Dhaka Bangladesh,0
224,I live at Chittagong Bangladesh,0
225,My name is Nusrat Jahan and my phone number is 01955667788,1
226,My NID number is 9876543210,1
227,I live at New York USA,0
228,My name is Rahim Ahmed and my phone number is 01898765432,1
229,My name is Karim Hasan and my phone number is 01712345678,1
230,amar email holo rahim@gmail.com,1
231,I live at Chittagong Bangladesh,0
232,amar email holo rahim@gmail.com,1
233,Karim Hasan lives in Dhaka Bangladesh and email is john@yahoo.com,1
234,I live at Chittagong Bangladesh,0
235,ami thaki Dhaka Bangladesh,0
236,I live at Chittagong Bangladesh,0
237,amar nam John Smith amar phone 01712345678,1
238,My NID number is 1234567890,1
239,Contact me at john@yahoo.com,1
240,My name is Rahim Ahmed and my phone number is 01712345678,1
241,amar nam Karim Hasan amar phone 01955667788,1
242,I live at Chittagong Bangladesh,0
243,My NID number is 1234567890,1
244,amar email holo john@yahoo.com,1
245,My NID number is 9876543210,1
246,John Smith lives in New York USA and email is john@yahoo.com,1
247,My NID number is 9876543210,1
248,My name is Karim Hasan and my phone number is 01955667788,1
249,ami thaki Chittagong Bangladesh,0
250,amar nam Nusrat Jahan amar phone 01898765432,1
251,Karim Hasan lives in Chittagong Bangladesh and email is rahim@gmail.com,1
252,Contact me at john@yahoo.com,1
253,ami thaki Dhaka Bangladesh,0
254,Contact me at david@gmail.com,1
255,amar email holo john@yahoo.com,1
256,Contact me at john@yahoo.com,1
257,Contact me at rahim@gmail.com,1
258,David Miller lives in Chittagong Bangladesh and email is john@yahoo.com,1
259,ami thaki Dhaka Bangladesh,0
260,ami thaki Chittagong Bangladesh,0
261,amar nam John Smith amar phone 01712345678,1
262,ami thaki Chittagong Bangladesh,0
263,amar email holo john@yahoo.com,1
264,Contact me at david@gmail.com,1
265,My name is Nusrat Jahan and my phone number is 01898765432,1
266,ami thaki New York USA,0
267,Rahim Ahmed lives in Dhaka Bangladesh and email is rahim@gmail.com,1
268,Contact me at rahim@gmail.com,1
269,John Smith lives in Dhaka Bangladesh and email is john@yahoo.com,1
270,I live at Dhaka Bangladesh,0
271,amar email holo david@gmail.com,1
272,amar email holo david@gmail.com,1
273,amar nam David Miller amar phone 01898765432,1
274,amar email holo rahim@gmail.com,1
275,My NID number is 1234567890,1
276,My NID number is 9876543210,1
277,ami thaki Chittagong Bangladesh,0
278,amar nam David Miller amar phone 01955667788,1
279,amar email holo david@gmail.com,1
280,My name is Rahim Ahmed and my phone number is 01712345678,1
281,Contact me at rahim@gmail.com,1
282,amar email holo rahim@gmail.com,1
283,My name is Nusrat Jahan and my phone number is 01712345678,1
284,Contact me at john@yahoo.com,1
285,amar email holo david@gmail.com,1
286,ami thaki Dhaka Bangladesh,0
287,Rahim Ahmed lives in Dhaka Bangladesh and email is john@yahoo.com,1
288,I live at Chittagong Bangladesh,0
289,Contact me at john@yahoo.com,1
290,amar nam Rahim Ahmed amar phone 01712345678,1
291,amar nam Rahim Ahmed amar phone 01898765432,1
292,ami thaki New York USA,0
293,ami thaki Chittagong Bangladesh,0
294,Karim Hasan lives in Dhaka Bangladesh and email is david@gmail.com,1
295,amar nam David Miller amar phone 01898765432,1
296,Karim Hasan lives in New York USA and email is rahim@gmail.com,1
297,My name is Karim Hasan and my phone number is 01898765432,1
298,I live at Chittagong Bangladesh,0
299,amar nam Nusrat Jahan amar phone 01712345678,1
300,ami thaki New York USA,0
301,My name is Rahim Ahmed and my phone number is 01712345678,1
302,Contact me at rahim@gmail.com,1
303,Karim Hasan lives in New York USA and email is rahim@gmail.com,1
304,I live at Chittagong Bangladesh,0
305,My name is John Smith and my phone number is 01955667788,1
306,My NID number is 1234567890,1
307,amar nam Nusrat Jahan amar phone 01898765432,1
308,John Smith lives in Chittagong Bangladesh and email is rahim@gmail.com,1
309,My NID number is 9876543210,1
310,Contact me at rahim@gmail.com,1
311,Contact me at john@yahoo.com,1
312,ami thaki New York USA,0
313,Contact me at john@yahoo.com,1
314,My NID number is 1234567890,1
315,Karim Hasan lives in New York USA and email is rahim@gmail.com,1
316,Contact me at john@yahoo.com,1
317,amar nam Karim Hasan amar phone 01898765432,1
318,amar nam John Smith amar phone 01712345678,1
319,Contact me at david@gmail.com,1
320,David Miller lives in Dhaka Bangladesh and email is john@yahoo.com,1
321,I live at Dhaka Bangladesh,0
322,Contact me at rahim@gmail.com,1
323,amar nam David Miller amar phone 01955667788,1
324,Contact me at john@yahoo.com,1
325,amar nam Karim Hasan amar phone 01898765432,1
326,I live at Chittagong Bangladesh,0
327,amar email holo rahim@gmail.com,1
328,Contact me at david@gmail.com,1
329,John Smith lives in New York USA and email is john@yahoo.com,1
330,amar nam Nusrat Jahan amar phone 01712345678,1
331,Contact me at rahim@gmail.com,1
332,amar nam Nusrat Jahan amar phone 01955667788,1
333,My name is David Miller and my phone number is 01712345678,1
334,My name is Nusrat Jahan and my phone number is 01712345678,1
335,I live at New York USA,0
336,ami thaki Dhaka Bangladesh,0
337,Rahim Ahmed lives in New York USA and email is rahim@gmail.com,1
338,Nusrat Jahan lives in Dhaka Bangladesh and email is john@yahoo.com,1
339,Karim Hasan lives in Chittagong Bangladesh and email is rahim@gmail.com,1
340,My name is Nusrat Jahan and my phone number is 01712345678,1
341,Karim Hasan lives in New York USA and email is rahim@gmail.com,1
342,amar nam John Smith amar phone 01898765432,1
343,amar email holo rahim@gmail.com,1
344,ami thaki New York USA,0
345,I live at New York USA,0
346,My NID number is 9876543210,1
347,John Smith lives in Chittagong Bangladesh and email is rahim@gmail.com,1
348,I live at New York USA,0
349,I live at Dhaka Bangladesh,0
350,amar nam Nusrat Jahan amar phone 01955667788,1
351,ami thaki Chittagong Bangladesh,0
352,I live at New York USA,0
353,amar email holo rahim@gmail.com,1
354,My name is David Miller and my phone number is 01955667788,1
355,Contact me at rahim@gmail.com,1
356,Rahim Ahmed lives in New York USA and email is david@gmail.com,1
357,Rahim Ahmed lives in New York USA and email is david@gmail.com,1
358,ami thaki Dhaka Bangladesh,0
359,David Miller lives in Chittagong Bangladesh and email is david@gmail.com,1
360,amar nam John Smith amar phone 01712345678,1
361,amar email holo john@yahoo.com,1
362,My name is John Smith and my phone number is 01898765432,1
363,My NID number is 9876543210,1
364,I live at Chittagong Bangladesh,0
365,John Smith lives in Chittagong Bangladesh and email is rahim@gmail.com,1
366,amar email holo john@yahoo.com,1
367,Contact me at john@yahoo.com,1
368,My name is Karim Hasan and my phone number is 01955667788,1
369,amar nam David Miller amar phone 01955667788,1
370,My name is John Smith and my phone number is 01955667788,1
371,amar email holo david@gmail.com,1
372,Rahim Ahmed lives in New York USA and email is john@yahoo.com,1
373,amar email holo david@gmail.com,1
374,My name is Karim Hasan and my phone number is 01898765432,1
375,amar email holo john@yahoo.com,1
376,I live at Dhaka Bangladesh,0
377,ami thaki New York USA,0
378,My name is Nusrat Jahan and my phone number is 01898765432,1
379,I live at Chittagong Bangladesh,0
380,My NID number is 1234567890,1
381,amar nam John Smith amar phone 01898765432,1
382,John Smith lives in Dhaka Bangladesh and email is david@gmail.com,1
383,ami thaki New York USA,0
384,ami thaki New York USA,0
385,My name is John Smith and my phone number is 01898765432,1
386,My NID number is 1234567890,1
387,amar email holo john@yahoo.com,1
388,Contact me at john@yahoo.com,1
389,My NID number is 9876543210,1
390,Contact me at john@yahoo.com,1
391,ami thaki Dhaka Bangladesh,0
392,I live at New York USA,0
393,I live at Dhaka Bangladesh,0
394,I live at Dhaka Bangladesh,0
395,Rahim Ahmed lives in Dhaka Bangladesh and email is john@yahoo.com,1
396,amar email holo rahim@gmail.com,1
397,My name is Rahim Ahmed and my phone number is 01955667788,1
398,amar nam Rahim Ahmed amar phone 01955667788,1
399,My NID number is 9876543210,1
400,I live at New York USA,0
401,I live at Chittagong Bangladesh,0
402,Nusrat Jahan lives in Dhaka Bangladesh and email is rahim@gmail.com,1
403,amar email holo rahim@gmail.com,1
404,ami thaki Chittagong Bangladesh,0
405,amar email holo john@yahoo.com,1
406,ami thaki Chittagong Bangladesh,0
407,Contact me at john@yahoo.com,1
408,amar nam Karim Hasan amar phone 01955667788,1
409,amar nam Nusrat Jahan amar phone 01712345678,1
410,ami thaki Dhaka Bangladesh,0
411,I live at New York USA,0
412,My name is Karim Hasan and my phone number is 01955667788,1
413,Karim Hasan lives in New York USA and email is david@gmail.com,1
414,amar email holo rahim@gmail.com,1
415,Contact me at rahim@gmail.com,1
416,ami thaki Chittagong Bangladesh,0
417,amar email holo david@gmail.com,1
418,John Smith lives in New York USA and email is david@gmail.com,1
419,My name is Nusrat Jahan and my phone number is 01898765432,1
420,My NID number is 9876543210,1
421,My NID number is 1234567890,1
422,My name is Nusrat Jahan and my phone number is 01898765432,1
423,Contact me at rahim@gmail.com,1
424,Contact me at john@yahoo.com,1
425,amar email holo john@yahoo.com,1
426,I live at Dhaka Bangladesh,0
427,amar nam John Smith amar phone 01955667788,1
428,My name is David Miller and my phone number is 01955667788,1
429,amar nam Karim Hasan amar phone 01712345678,1
430,My NID number is 1234567890,1
431,amar email holo john@yahoo.com,1
432,ami thaki Chittagong Bangladesh,0
433,Contact me at rahim@gmail.com,1
434,Contact me at rahim@gmail.com,1
435,Nusrat Jahan lives in Dhaka Bangladesh and email is john@yahoo.com,1
436,Karim Hasan lives in Chittagong Bangladesh and email is david@gmail.com,1
437,ami thaki Chittagong Bangladesh,0
438,Contact me at david@gmail.com,1
439,My name is Nusrat Jahan and my phone number is 01898765432,1
440,I live at New York USA,0
441,My name is Nusrat Jahan and my phone number is 01955667788,1
442,Contact me at rahim@gmail.com,1
443,ami thaki Dhaka Bangladesh,0
444,My NID number is 9876543210,1
445,Nusrat Jahan lives in New York USA and email is rahim@gmail.com,1
446,amar nam Rahim Ahmed amar phone 01955667788,1
447,ami thaki Chittagong Bangladesh,0
448,amar nam Nusrat Jahan amar phone 01955667788,1
449,amar nam Rahim Ahmed amar phone 01955667788,1
450,amar nam Nusrat Jahan amar phone 01955667788,1
451,My NID number is 1234567890,1
452,I live at Chittagong Bangladesh,0
453,Rahim Ahmed lives in Chittagong Bangladesh and email is john@yahoo.com,1
454,amar email holo david@gmail.com,1
455,I live at New York USA,0
456,I live at Dhaka Bangladesh,0
457,amar nam David Miller amar phone 01955667788,1
458,My NID number is 1234567890,1
459,My name is Rahim Ahmed and my phone number is 01955667788,1
460,amar nam John Smith amar phone 01955667788,1
461,My NID number is 1234567890,1
462,Contact me at rahim@gmail.com,1
463,amar email holo john@yahoo.com,1
464,amar email holo rahim@gmail.com,1
465,ami thaki Dhaka Bangladesh,0
466,ami thaki New York USA,0
467,amar nam David Miller amar phone 01898765432,1
468,My NID number is 9876543210,1
469,My NID number is 9876543210,1
470,I live at Dhaka Bangladesh,0
471,I live at Chittagong Bangladesh,0
472,My NID number is 9876543210,1
473,My name is John Smith and my phone number is 01712345678,1
474,amar email holo david@gmail.com,1
475,My name is John Smith and my phone number is 01898765432,1
476,Contact me at john@yahoo.com,1
477,My name is David Miller and my phone number is 01898765432,1
478,amar email holo david@gmail.com,1
479,I live at Chittagong Bangladesh,0
480,ami thaki New York USA,0
481,My name is David Miller and my phone number is 01955667788,1
482,I live at New York USA,0
483,I live at New York USA,0
484,My name is Rahim Ahmed and my phone number is 01898765432,1
485,amar email holo john@yahoo.com,1
486,I live at Chittagong Bangladesh,0
487,amar email holo david@gmail.com,1
488,amar email holo john@yahoo.com,1
489,My NID number is 9876543210,1
490,amar nam Karim Hasan amar phone 01955667788,1
491,amar nam Nusrat Jahan amar phone 01955667788,1
492,amar email holo rahim@gmail.com,1
493,Nusrat Jahan lives in Dhaka Bangladesh and email is john@yahoo.com,1
494,ami thaki New York USA,0
495,My name is David Miller and my phone number is 01955667788,1
496,ami thaki Dhaka Bangladesh,0
497,ami thaki New York USA,0
498,ami thaki Dhaka Bangladesh,0
499,I live at New York USA,0
500,David Miller lives in Chittagong Bangladesh and email is rahim@gmail.com,1
501,John Smith lives in Chittagong Bangladesh and email is david@gmail.com,1
502,My NID number is 1234567890,1
503,I live at New York USA,0
504,Contact me at rahim@gmail.com,1
505,I live at Dhaka Bangladesh,0
506,amar email holo john@yahoo.com,1
507,amar email holo rahim@gmail.com,1
508,amar nam John Smith amar phone 01955667788,1
509,John Smith lives in Chittagong Bangladesh and email is john@yahoo.com,1
510,My NID number is 1234567890,1
511,My NID number is 9876543210,1
512,Contact me at john@yahoo.com,1
513,I live at Dhaka Bangladesh,0
514,amar email holo rahim@gmail.com,1
515,ami thaki Dhaka Bangladesh,0
516,amar email holo david@gmail.com,1
517,John Smith lives in New York USA and email is david@gmail.com,1
518,amar email holo john@yahoo.com,1
519,Karim Hasan lives in Chittagong Bangladesh and email is john@yahoo.com,1
520,I live at Dhaka Bangladesh,0
521,ami thaki Dhaka Bangladesh,0
522,ami thaki Dhaka Bangladesh,0
523,ami thaki Dhaka Bangladesh,0
524,amar email holo david@gmail.com,1
525,I live at Chittagong Bangladesh,0
526,ami thaki Chittagong Bangladesh,0
527,amar nam Karim Hasan amar phone 01898765432,1
528,ami thaki Chittagong Bangladesh,0
529,I live at Dhaka Bangladesh,0
530,Contact me at rahim@gmail.com,1
531,My NID number is 1234567890,1
532,My name is Nusrat Jahan and my phone number is 01955667788,1
533,My name is Karim Hasan and my phone number is 01712345678,1
534,David Miller lives in Chittagong Bangladesh and email is john@yahoo.com,1
535,My NID number is 9876543210,1
536,Contact me at john@yahoo.com,1
537,Contact me at rahim@gmail.com,1
538,amar email holo rahim@gmail.com,1
539,I live at Dhaka Bangladesh,0
540,Contact me at rahim@gmail.com,1
541,amar nam David Miller amar phone 01898765432,1
542,John Smith lives in Chittagong Bangladesh and email is john@yahoo.com,1
543,My name is John Smith and my phone number is 01898765432,1
544,My NID number is 1234567890,1
545,My NID number is 1234567890,1
546,amar email holo john@yahoo.com,1
547,I live at New York USA,0
548,My name is Rahim Ahmed and my phone number is 01898765432,1
549,My NID number is 1234567890,1
550,My name is Nusrat Jahan and my phone number is 01898765432,1
551,I live at Dhaka Bangladesh,0
552,Karim Hasan lives in Chittagong Bangladesh and email is david@gmail.com,1
553,John Smith lives in Chittagong Bangladesh and email is rahim@gmail.com,1
554,Contact me at john@yahoo.com,1
555,David Miller lives in Chittagong Bangladesh and email is david@gmail.com,1
556,amar email holo john@yahoo.com,1
557,ami thaki New York USA,0
558,amar email holo david@gmail.com,1
559,My name is Nusrat Jahan and my phone number is 01712345678,1
560,I live at Dhaka Bangladesh,0
561,amar nam Nusrat Jahan amar phone 01712345678,1
562,ami thaki Chittagong Bangladesh,0
563,My name is Karim Hasan and my phone number is 01898765432,1
564,amar email holo john@yahoo.com,1
565,Nusrat Jahan lives in Dhaka Bangladesh and email is rahim@gmail.com,1
566,Contact me at rahim@gmail.com,1
567,Contact me at john@yahoo.com,1
568,amar nam Rahim Ahmed amar phone 01898765432,1
569,ami thaki New York USA,0
570,amar email holo john@yahoo.com,1
571,amar email holo rahim@gmail.com,1
572,Contact me at rahim@gmail.com,1
573,ami thaki New York USA,0
574,ami thaki Chittagong Bangladesh,0
575,My name is Karim Hasan and my phone number is 01955667788,1
576,Contact me at john@yahoo.com,1
577,ami thaki New York USA,0
578,ami thaki New York USA,0
579,amar nam Karim Hasan amar phone 01712345678,1
580,My NID number is 9876543210,1
581,I live at Dhaka Bangladesh,0
582,My name is Nusrat Jahan and my phone number is 01955667788,1
583,amar nam Karim Hasan amar phone 01898765432,1
584,My name is David Miller and my phone number is 01712345678,1
585,My NID number is 1234567890,1
586,Karim Hasan lives in New York USA and email is rahim@gmail.com,1
587,Contact me at rahim@gmail.com,1
588,My NID number is 9876543210,1
589,My name is David Miller and my phone number is 01955667788,1
590,Contact me at john@yahoo.com,1
591,amar nam John Smith amar phone 01898765432,1
592,John Smith lives in Dhaka Bangladesh and email is david@gmail.com,1
593,amar nam Karim Hasan amar phone 01955667788,1
594,I live at Chittagong Bangladesh,0
595,Contact me at rahim@gmail.com,1
596,Rahim Ahmed lives in Chittagong Bangladesh and email is john@yahoo.com,1
597,Nusrat Jahan lives in Dhaka Bangladesh and email is rahim@gmail.com,1
598,ami thaki Chittagong Bangladesh,0
599,I live at Dhaka Bangladesh,0
600,I live at Dhaka Bangladesh,0
601,Contact me at john@yahoo.com,1
602,My NID number is 9876543210,1
603,I live at Dhaka Bangladesh,0
604,David Miller lives in Chittagong Bangladesh and email is rahim@gmail.com,1
605,I live at Chittagong Bangladesh,0
606,I live at Dhaka Bangladesh,0
607,My NID number is 9876543210,1
608,Contact me at rahim@gmail.com,1
609,amar email holo david@gmail.com,1
610,David Miller lives in New York USA and email is rahim@gmail.com,1
611,My name is John Smith and my phone number is 01898765432,1
612,amar nam Rahim Ahmed amar phone 01712345678,1
613,My NID number is 1234567890,1
614,My NID number is 9876543210,1
615,I live at Dhaka Bangladesh,0
616,amar nam Nusrat Jahan amar phone 01898765432,1
617,David Miller lives in Chittagong Bangladesh and email is john@yahoo.com,1
618,ami thaki Chittagong Bangladesh,0
619,My name is Karim Hasan and my phone number is 01955667788,1
620,Contact me at david@gmail.com,1
621,amar nam Nusrat Jahan amar phone 01898765432,1
622,amar nam Karim Hasan amar phone 01955667788,1
623,Karim Hasan lives in New York USA and email is john@yahoo.com,1
624,My name is David Miller and my phone number is 01955667788,1
625,ami thaki New York USA,0
626,My name is David Miller and my phone number is 01955667788,1
627,My name is Nusrat Jahan and my phone number is 01898765432,1
628,amar nam Karim Hasan amar phone 01955667788,1
629,amar nam Karim Hasan amar phone 01955667788,1
630,My name is Karim Hasan and my phone number is 01955667788,1
631,My name is Nusrat Jahan and my phone number is 01955667788,1
632,My name is Karim Hasan and my phone number is 01898765432,1
633,amar nam Karim Hasan amar phone 01712345678,1
634,amar nam Rahim Ahmed amar phone 01712345678,1
635,amar email holo rahim@gmail.com,1
636,I live at Chittagong Bangladesh,0
637,Contact me at john@yahoo.com,1
638,I live at New York USA,0
639,amar nam Rahim Ahmed amar phone 01712345678,1
640,amar nam John Smith amar phone 01712345678,1
641,Contact me at david@gmail.com,1
642,Contact me at david@gmail.com,1
643,I live at Dhaka Bangladesh,0
644,My NID number is 1234567890,1
645,ami thaki New York USA,0
646,amar nam Rahim Ahmed amar phone 01955667788,1
647,Contact me at rahim@gmail.com,1
648,Contact me at rahim@gmail.com,1
649,My name is Rahim Ahmed and my phone number is 01712345678,1
650,My NID number is 9876543210,1
651,My name is John Smith and my phone number is 01712345678,1
652,ami thaki Dhaka Bangladesh,0
653,My name is John Smith and my phone number is 01898765432,1
654,amar nam John Smith amar phone 01898765432,1
655,I live at New York USA,0
656,Contact me at john@yahoo.com,1
657,ami thaki Dhaka Bangladesh,0
658,David Miller lives in Dhaka Bangladesh and email is john@yahoo.com,1
659,Contact me at david@gmail.com,1
660,My NID number is 9876543210,1
661,My NID number is 9876543210,1
662,My NID number is 1234567890,1
663,David Miller lives in New York USA and email is john@yahoo.com,1
664,Nusrat Jahan lives in Dhaka Bangladesh and email is david@gmail.com,1
665,Contact me at david@gmail.com,1
666,amar email holo john@yahoo.com,1
667,My NID number is 1234567890,1
668,ami thaki New York USA,0
669,amar email holo john@yahoo.com,1
670,amar email holo john@yahoo.com,1
671,amar email holo david@gmail.com,1
672,Karim Hasan lives in Dhaka Bangladesh and email is john@yahoo.com,1
673,My name is John Smith and my phone number is 01955667788,1
674,My name is Rahim Ahmed and my phone number is 01955667788,1
675,Nusrat Jahan lives in New York USA and email is rahim@gmail.com,1
676,amar email holo rahim@gmail.com,1
677,amar nam Rahim Ahmed amar phone 01955667788,1
678,amar nam Rahim Ahmed amar phone 01898765432,1
679,Contact me at john@yahoo.com,1
680,ami thaki Dhaka Bangladesh,0
681,Rahim Ahmed lives in Dhaka Bangladesh and email is david@gmail.com,1
682,Nusrat Jahan lives in Dhaka Bangladesh and email is john@yahoo.com,1
683,ami thaki Dhaka Bangladesh,0
684,amar email holo john@yahoo.com,1
685,amar nam David Miller amar phone 01712345678,1
686,Contact me at david@gmail.com,1
687,amar nam Karim Hasan amar phone 01955667788,1
688,ami thaki Chittagong Bangladesh,0
689,amar nam David Miller amar phone 01712345678,1
690,Contact me at john@yahoo.com,1
691,I live at Dhaka Bangladesh,0
692,ami thaki New York USA,0
693,I live at Chittagong Bangladesh,0
694,My NID number is 9876543210,1
695,My NID number is 1234567890,1
696,ami thaki New York USA,0
697,ami thaki Dhaka Bangladesh,0
698,My name is Nusrat Jahan and my phone number is 01898765432,1
699,ami thaki Dhaka Bangladesh,0
700,amar email holo john@yahoo.com,1
701,My name is Rahim Ahmed and my phone number is 01955667788,1
702,Contact me at rahim@gmail.com,1
703,I live at Chittagong Bangladesh,0
704,My NID number is 9876543210,1
705,ami thaki New York USA,0
706,amar email holo john@yahoo.com,1
707,Rahim Ahmed lives in Dhaka Bangladesh and email is john@yahoo.com,1
708,John Smith lives in New York USA and email is david@gmail.com,1
709,Contact me at david@gmail.com,1
710,My name is Nusrat Jahan and my phone number is 01898765432,1
711,My NID number is 9876543210,1
712,My NID number is 1234567890,1
713,David Miller lives in Dhaka Bangladesh and email is john@yahoo.com,1
714,amar nam Rahim Ahmed amar phone 01712345678,1
715,Contact me at david@gmail.com,1
716,My NID number is 1234567890,1
717,Contact me at john@yahoo.com,1
718,amar nam Nusrat Jahan amar phone 01955667788,1
719,amar email holo david@gmail.com,1
720,I live at Chittagong Bangladesh,0
721,My NID number is 9876543210,1
722,My name is Karim Hasan and my phone number is 01712345678,1
723,I live at New York USA,0
724,I live at Dhaka Bangladesh,0
725,amar email holo rahim@gmail.com,1
726,Contact me at rahim@gmail.com,1
727,I live at New York USA,0
728,I live at New York USA,0
729,ami thaki Dhaka Bangladesh,0
730,My NID number is 9876543210,1
731,I live at Chittagong Bangladesh,0
732,amar nam Karim Hasan amar phone 01955667788,1
733,I live at New York USA,0
734,amar email holo rahim@gmail.com,1
735,amar email holo david@gmail.com,1
736,I live at Chittagong Bangladesh,0
737,ami thaki New York USA,0
738,ami thaki Chittagong Bangladesh,0
739,amar nam John Smith amar phone 01898765432,1
740,My name is Nusrat Jahan and my phone number is 01898765432,1
741,My name is David Miller and my phone number is 01955667788,1
742,Rahim Ahmed lives in Dhaka Bangladesh and email is rahim@gmail.com,1
743,amar email holo john@yahoo.com,1
744,My NID number is 9876543210,1
745,ami thaki New York USA,0
746,amar nam Nusrat Jahan amar phone 01955667788,1
747,I live at Dhaka Bangladesh,0
748,My name is Rahim Ahmed and my phone number is 01898765432,1
749,My name is Karim Hasan and my phone number is 01712345678,1
750,ami thaki New York USA,0
751,My NID number is 1234567890,1
752,David Miller lives in New York USA and email is rahim@gmail.com,1
753,My NID number is 9876543210,1
754,My NID number is 1234567890,1
755,Nusrat Jahan lives in Chittagong Bangladesh and email is david@gmail.com,1
756,amar email holo rahim@gmail.com,1
757,amar email holo john@yahoo.com,1
758,My name is Nusrat Jahan and my phone number is 01712345678,1
759,Contact me at rahim@gmail.com,1
760,Nusrat Jahan lives in Dhaka Bangladesh and email is david@gmail.com,1
761,amar nam John Smith amar phone 01898765432,1
762,I live at Dhaka Bangladesh,0
763,My NID number is 1234567890,1
764,amar nam Rahim Ahmed amar phone 01955667788,1
765,amar email holo john@yahoo.com,1
766,John Smith lives in New York USA and email is rahim@gmail.com,1
767,Nusrat Jahan lives in Chittagong Bangladesh and email is john@yahoo.com,1
768,amar nam Karim Hasan amar phone 01955667788,1
769,amar nam Nusrat Jahan amar phone 01955667788,1
770,David Miller lives in Chittagong Bangladesh and email is david@gmail.com,1
771,ami thaki Dhaka Bangladesh,0
772,I live at Dhaka Bangladesh,0
773,amar nam John Smith amar phone 01898765432,1
774,I live at Dhaka Bangladesh,0
775,I live at New York USA,0
776,ami thaki Chittagong Bangladesh,0
777,I live at Chittagong Bangladesh,0
778,amar email holo david@gmail.com,1
779,amar email holo rahim@gmail.com,1
780,I live at Dhaka Bangladesh,0
781,amar nam Karim Hasan amar phone 01712345678,1
782,My NID number is 9876543210,1
783,Contact me at rahim@gmail.com,1
784,ami thaki Dhaka Bangladesh,0
785,amar nam David Miller amar phone 01898765432,1
786,ami thaki New York USA,0
787,Nusrat Jahan lives in Chittagong Bangladesh and email is rahim@gmail.com,1
788,Nusrat Jahan lives in New York USA and email is john@yahoo.com,1
789,amar nam Nusrat Jahan amar phone 01898765432,1
790,I live at Dhaka Bangladesh,0
791,My name is Nusrat Jahan and my phone number is 01898765432,1
792,amar email holo david@gmail.com,1
793,ami thaki Dhaka Bangladesh,0
794,My NID number is 1234567890,1
795,ami thaki Chittagong Bangladesh,0
796,My name is John Smith and my phone number is 01955667788,1
797,My name is Rahim Ahmed and my phone number is 01712345678,1
798,amar email holo rahim@gmail.com,1
799,My NID number is 9876543210,1
800,Rahim Ahmed lives in New York USA and email is john@yahoo.com,1
801,My NID number is 9876543210,1
802,amar nam John Smith amar phone 01898765432,1
803,My name is Rahim Ahmed and my phone number is 01955667788,1
804,My name is Nusrat Jahan and my phone number is 01955667788,1
805,My NID number is 1234567890,1
806,amar email holo john@yahoo.com,1
807,I live at New York USA,0
808,I live at Dhaka Bangladesh,0
809,I live at Chittagong Bangladesh,0
810,My NID number is 9876543210,1
811,Contact me at rahim@gmail.com,1
812,Contact me at david@gmail.com,1
813,amar email holo john@yahoo.com,1
814,Contact me at rahim@gmail.com,1
815,ami thaki Chittagong Bangladesh,0
816,Contact me at john@yahoo.com,1
817,John Smith lives in Chittagong Bangladesh and email is david@gmail.com,1
818,John Smith lives in New York USA and email is john@yahoo.com,1
819,ami thaki Chittagong Bangladesh,0
820,amar nam John Smith amar phone 01898765432,1
821,I live at New York USA,0
822,amar email holo david@gmail.com,1
823,ami thaki New York USA,0
824,John Smith lives in New York USA and email is rahim@gmail.com,1
825,Karim Hasan lives in Chittagong Bangladesh and email is john@yahoo.com,1
826,amar email holo john@yahoo.com,1
827,I live at Dhaka Bangladesh,0
828,amar email holo john@yahoo.com,1
829,Nusrat Jahan lives in Dhaka Bangladesh and email is david@gmail.com,1
830,Contact me at david@gmail.com,1
831,My name is Rahim Ahmed and my phone number is 01955667788,1
832,Karim Hasan lives in Chittagong Bangladesh and email is john@yahoo.com,1
833,My name is Rahim Ahmed and my phone number is 01712345678,1
834,amar email holo rahim@gmail.com,1
835,Contact me at david@gmail.com,1
836,amar nam David Miller amar phone 01712345678,1
837,amar email holo rahim@gmail.com,1
838,My name is Rahim Ahmed and my phone number is 01712345678,1
839,My name is David Miller and my phone number is 01955667788,1
840,ami thaki Chittagong Bangladesh,0
841,My name is Rahim Ahmed and my phone number is 01955667788,1
842,Karim Hasan lives in Dhaka Bangladesh and email is rahim@gmail.com,1
843,I live at Dhaka Bangladesh,0
844,My name is Karim Hasan and my phone number is 01955667788,1
845,Contact me at david@gmail.com,1
846,My name is Karim Hasan and my phone number is 01955667788,1
847,Contact me at david@gmail.com,1
848,Contact me at david@gmail.com,1
849,Nusrat Jahan lives in New York USA and email is john@yahoo.com,1
850,I live at New York USA,0
851,Rahim Ahmed lives in New York USA and email is john@yahoo.com,1
852,Contact me at rahim@gmail.com,1
853,I live at Chittagong Bangladesh,0
854,I live at Dhaka Bangladesh,0
855,amar email holo rahim@gmail.com,1
856,Contact me at rahim@gmail.com,1
857,Contact me at john@yahoo.com,1
858,ami thaki Dhaka Bangladesh,0
859,amar email holo david@gmail.com,1
860,amar email holo david@gmail.com,1
861,I live at New York USA,0
862,amar email holo rahim@gmail.com,1
863,Contact me at john@yahoo.com,1
864,I live at Dhaka Bangladesh,0
865,John Smith lives in New York USA and email is david@gmail.com,1
866,Rahim Ahmed lives in New York USA and email is rahim@gmail.com,1
867,ami thaki Chittagong Bangladesh,0
868,ami thaki Dhaka Bangladesh,0
869,My name is Nusrat Jahan and my phone number is 01955667788,1
870,My name is David Miller and my phone number is 01955667788,1
871,ami thaki Dhaka Bangladesh,0
872,Contact me at rahim@gmail.com,1
873,Contact me at david@gmail.com,1
874,ami thaki Dhaka Bangladesh,0
875,Rahim Ahmed lives in New York USA and email is john@yahoo.com,1
876,ami thaki Chittagong Bangladesh,0
877,ami thaki Chittagong Bangladesh,0
878,Rahim Ahmed lives in Chittagong Bangladesh and email is david@gmail.com,1
879,ami thaki Dhaka Bangladesh,0
880,Nusrat Jahan lives in New York USA and email is david@gmail.com,1
881,Rahim Ahmed lives in New York USA and email is john@yahoo.com,1
882,My NID number is 1234567890,1
883,I live at New York USA,0
884,I live at Chittagong Bangladesh,0
885,David Miller lives in New York USA and email is david@gmail.com,1
886,Rahim Ahmed lives in New York USA and email is rahim@gmail.com,1
887,My name is Rahim Ahmed and my phone number is 01955667788,1
888,amar email holo david@gmail.com,1
889,ami thaki New York USA,0
890,ami thaki Dhaka Bangladesh,0
891,My name is David Miller and my phone number is 01955667788,1
892,Contact me at john@yahoo.com,1
893,ami thaki Dhaka Bangladesh,0
894,amar email holo john@yahoo.com,1
895,My NID number is 1234567890,1
896,amar email holo rahim@gmail.com,1
897,Contact me at john@yahoo.com,1
898,amar nam John Smith amar phone 01955667788,1
899,My name is Karim Hasan and my phone number is 01712345678,1
900,ami thaki Dhaka Bangladesh,0
901,amar email holo rahim@gmail.com,1
902,David Miller lives in New York USA and email is rahim@gmail.com,1
903,Contact me at rahim@gmail.com,1
904,My NID number is 9876543210,1
905,Contact me at rahim@gmail.com,1
906,Rahim Ahmed lives in Dhaka Bangladesh and email is john@yahoo.com,1
907,amar nam Nusrat Jahan amar phone 01898765432,1
908,Nusrat Jahan lives in New York USA and email is rahim@gmail.com,1
909,ami thaki Dhaka Bangladesh,0
910,amar nam Rahim Ahmed amar phone 01955667788,1
911,I live at Chittagong Bangladesh,0
912,Contact me at john@yahoo.com,1
913,ami thaki New York USA,0
914,My NID number is 9876543210,1
915,I live at New York USA,0
916,My NID number is 9876543210,1
917,ami thaki Chittagong Bangladesh,0
918,My NID number is 1234567890,1
919,David Miller lives in Chittagong Bangladesh and email is john@yahoo.com,1
920,My NID number is 9876543210,1
921,amar email holo john@yahoo.com,1
922,My NID number is 9876543210,1
923,amar email holo david@gmail.com,1
924,My name is David Miller and my phone number is 01898765432,1
925,I live at Dhaka Bangladesh,0
926,Karim Hasan lives in New York USA and email is john@yahoo.com,1
927,My NID number is 9876543210,1
928,Contact me at rahim@gmail.com,1
929,I live at Dhaka Bangladesh,0
930,ami thaki Dhaka Bangladesh,0
931,My NID number is 9876543210,1
932,My NID number is 1234567890,1
933,I live at Dhaka Bangladesh,0
934,ami thaki New York USA,0
935,My name is Karim Hasan and my phone number is 01898765432,1
936,Karim Hasan lives in New York USA and email is david@gmail.com,1
937,ami thaki Chittagong Bangladesh,0
938,amar email holo john@yahoo.com,1
939,Rahim Ahmed lives in New York USA and email is david@gmail.com,1
940,amar nam Rahim Ahmed amar phone 01955667788,1
941,amar nam Karim Hasan amar phone 01898765432,1
942,My name is Rahim Ahmed and my phone number is 01955667788,1
943,Nusrat Jahan lives in New York USA and email is david@gmail.com,1
944,Contact me at rahim@gmail.com,1
945,I live at Chittagong Bangladesh,0
946,Contact me at david@gmail.com,1
947,My NID number is 9876543210,1
948,I live at New York USA,0
949,Contact me at john@yahoo.com,1
950,amar nam John Smith amar phone 01955667788,1
951,amar email holo rahim@gmail.com,1
952,Contact me at rahim@gmail.com,1
953,Contact me at david@gmail.com,1
954,amar email holo john@yahoo.com,1
955,My name is John Smith and my phone number is 01898765432,1
956,Karim Hasan lives in Chittagong Bangladesh and email is david@gmail.com,1
957,My name is John Smith and my phone number is 01898765432,1
958,ami thaki Chittagong Bangladesh,0
959,My name is David Miller and my phone number is 01898765432,1
960,ami thaki Chittagong Bangladesh,0
961,Nusrat Jahan lives in New York USA and email is david@gmail.com,1
962,Contact me at rahim@gmail.com,1
963,amar email holo john@yahoo.com,1
964,amar nam Karim Hasan amar phone 01712345678,1
965,amar email holo john@yahoo.com,1
966,My NID number is 1234567890,1
967,Contact me at david@gmail.com,1
968,My NID number is 1234567890,1
969,I live at New York USA,0
970,David Miller lives in New York USA and email is john@yahoo.com,1
971,I live at Chittagong Bangladesh,0
972,My NID number is 9876543210,1
973,Contact me at david@gmail.com,1
974,amar nam Nusrat Jahan amar phone 01898765432,1
975,My NID number is 9876543210,1
976,Contact me at rahim@gmail.com,1
977,My NID number is 1234567890,1
978,amar nam John Smith amar phone 01898765432,1
979,Contact me at john@yahoo.com,1
980,David Miller lives in Dhaka Bangladesh and email is rahim@gmail.com,1
981,My NID number is 1234567890,1
982,I live at Dhaka Bangladesh,0
983,ami thaki Chittagong Bangladesh,0
984,ami thaki Dhaka Bangladesh,0
985,I live at Chittagong Bangladesh,0
986,My NID number is 9876543210,1
987,Nusrat Jahan lives in Dhaka Bangladesh and email is rahim@gmail.com,1
988,I live at New York USA,0
989,My name is Karim Hasan and my phone number is 01712345678,1
990,I live at Dhaka Bangladesh,0
991,David Miller lives in Dhaka Bangladesh and email is david@gmail.com,1
992,I live at New York USA,0
993,amar nam Nusrat Jahan amar phone 01955667788,1
994,My name is Nusrat Jahan and my phone number is 01712345678,1
995,amar nam Nusrat Jahan amar phone 01712345678,1
996,amar email holo david@gmail.com,1
997,amar nam Nusrat Jahan amar phone 01898765432,1
998,amar email holo david@gmail.com,1
999,My name is Nusrat Jahan and my phone number is 01955667788,1
1000,My NID number is 1234567890,1
1001,Contact me at david@gmail.com,1
1002,amar nam John Smith amar phone 01898765432,1
1003,I live at Dhaka Bangladesh,0
1004,ami thaki New York USA,0
1005,Contact me at rahim@gmail.com,1
1006,My name is Rahim Ahmed and my phone number is 01955667788,1
1007,My NID number is 1234567890,1
1008,ami thaki Dhaka Bangladesh,0
1009,amar nam Nusrat Jahan amar phone 01955667788,1
1010,Karim Hasan lives in Chittagong Bangladesh and email is rahim@gmail.com,1
1011,My name is Karim Hasan and my phone number is 01955667788,1
1012,I live at Chittagong Bangladesh,0
1013,I live at New York USA,0
1014,ami thaki Chittagong Bangladesh,0
1015,My name is Nusrat Jahan and my phone number is 01712345678,1
1016,amar email holo john@yahoo.com,1
1017,amar email holo david@gmail.com,1
1018,I live at New York USA,0
1019,My NID number is 9876543210,1
1020,amar nam John Smith amar phone 01898765432,1
1021,Contact me at david@gmail.com,1
1022,amar email holo david@gmail.com,1
1023,Contact me at rahim@gmail.com,1
1024,amar email holo john@yahoo.com,1
1025,ami thaki Dhaka Bangladesh,0
1026,ami thaki New York USA,0
1027,My name is John Smith and my phone number is 01898765432,1
1028,I live at New York USA,0
1029,Rahim Ahmed lives in Dhaka Bangladesh and email is john@yahoo.com,1
1030,I live at Dhaka Bangladesh,0
1031,amar nam Karim Hasan amar phone 01898765432,1
1032,David Miller lives in New York USA and email is rahim@gmail.com,1
1033,ami thaki New York USA,0
1034,ami thaki Dhaka Bangladesh,0
1035,John Smith lives in New York USA and email is john@yahoo.com,1
1036,My name is Nusrat Jahan and my phone number is 01712345678,1
1037,amar nam Rahim Ahmed amar phone 01955667788,1
1038,ami thaki Chittagong Bangladesh,0
1039,amar nam Karim Hasan amar phone 01955667788,1
1040,I live at Dhaka Bangladesh,0
1041,John Smith lives in New York USA and email is david@gmail.com,1
1042,Contact me at rahim@gmail.com,1
1043,Rahim Ahmed lives in New York USA and email is rahim@gmail.com,1
1044,Contact me at david@gmail.com,1
1045,I live at Dhaka Bangladesh,0
1046,Contact me at rahim@gmail.com,1
1047,My name is John Smith and my phone number is 01712345678,1
1048,Contact me at john@yahoo.com,1
1049,Contact me at rahim@gmail.com,1
1050,I live at New York USA,0
1051,I live at New York USA,0
1052,Contact me at john@yahoo.com,1
1053,amar email holo john@yahoo.com,1
1054,amar email holo david@gmail.com,1
1055,My name is Nusrat Jahan and my phone number is 01712345678,1
1056,I live at New York USA,0
1057,My name is Rahim Ahmed and my phone number is 01712345678,1
1058,My name is Rahim Ahmed and my phone number is 01898765432,1
1059,My name is David Miller and my phone number is 01955667788,1
1060,My name is David Miller and my phone number is 01898765432,1
1061,amar nam Nusrat Jahan amar phone 01712345678,1
1062,amar nam Rahim Ahmed amar phone 01898765432,1
1063,Contact me at john@yahoo.com,1
1064,amar nam David Miller amar phone 01898765432,1
1065,ami thaki Dhaka Bangladesh,0
1066,My NID number is 1234567890,1
1067,Nusrat Jahan lives in Dhaka Bangladesh and email is john@yahoo.com,1
1068,My NID number is 9876543210,1
1069,My NID number is 9876543210,1
1070,My NID number is 1234567890,1
1071,John Smith lives in Dhaka Bangladesh and email is rahim@gmail.com,1
1072,I live at New York USA,0
1073,I live at Dhaka Bangladesh,0
1074,amar nam Rahim Ahmed amar phone 01955667788,1
1075,Contact me at david@gmail.com,1
1076,amar nam John Smith amar phone 01712345678,1
1077,My name is Rahim Ahmed and my phone number is 01955667788,1
1078,amar nam Karim Hasan amar phone 01712345678,1
1079,My NID number is 1234567890,1
1080,My name is Karim Hasan and my phone number is 01955667788,1
1081,amar nam John Smith amar phone 01898765432,1
1082,amar email holo david@gmail.com,1
1083,Karim Hasan lives in New York USA and email is david@gmail.com,1
1084,Contact me at john@yahoo.com,1
1085,amar nam David Miller amar phone 01955667788,1
1086,I live at Chittagong Bangladesh,0
1087,Karim Hasan lives in New York USA and email is rahim@gmail.com,1
1088,I live at New York USA,0
1089,My name is Karim Hasan and my phone number is 01898765432,1
1090,amar nam Rahim Ahmed amar phone 01898765432,1
1091,Karim Hasan lives in Chittagong Bangladesh and email is rahim@gmail.com,1
1092,My NID number is 9876543210,1
1093,amar nam David Miller amar phone 01898765432,1
1094,My NID number is 9876543210,1
1095,I live at New York USA,0
1096,I live at Chittagong Bangladesh,0
1097,amar email holo rahim@gmail.com,1
1098,Rahim Ahmed lives in New York USA and email is john@yahoo.com,1
1099,Contact me at john@yahoo.com,1
1100,I live at Chittagong Bangladesh,0
1101,Rahim Ahmed lives in Chittagong Bangladesh and email is david@gmail.com,1
1102,amar email holo david@gmail.com,1
1103,Rahim Ahmed lives in New York USA and email is rahim@gmail.com,1
1104,amar email holo rahim@gmail.com,1
1105,Contact me at rahim@gmail.com,1
1106,My NID number is 9876543210,1
1107,I live at New York USA,0
1108,Karim Hasan lives in Chittagong Bangladesh and email is david@gmail.com,1
1109,David Miller lives in New York USA and email is rahim@gmail.com,1
1110,My NID number is 9876543210,1
1111,My name is Karim Hasan and my phone number is 01898765432,1
1112,ami thaki New York USA,0
1113,I live at New York USA,0
1114,I live at Chittagong Bangladesh,0
1115,ami thaki New York USA,0
1116,Rahim Ahmed lives in New York USA and email is john@yahoo.com,1
1117,I live at Chittagong Bangladesh,0
1118,ami thaki Dhaka Bangladesh,0
1119,amar nam Karim Hasan amar phone 01712345678,1
1120,Contact me at rahim@gmail.com,1
1121,amar nam David Miller amar phone 01955667788,1
1122,ami thaki Chittagong Bangladesh,0
1123,David Miller lives in New York USA and email is rahim@gmail.com,1
1124,John Smith lives in New York USA and email is david@gmail.com,1
1125,amar email holo john@yahoo.com,1
1126,My NID number is 1234567890,1
1127,My NID number is 9876543210,1
1128,David Miller lives in Dhaka Bangladesh and email is david@gmail.com,1
1129,amar nam Karim Hasan amar phone 01712345678,1
1130,Contact me at rahim@gmail.com,1
1131,Contact me at john@yahoo.com,1
1132,amar nam David Miller amar phone 01955667788,1
1133,ami thaki Dhaka Bangladesh,0
1134,I live at Dhaka Bangladesh,0
1135,amar nam Rahim Ahmed amar phone 01712345678,1
1136,My name is Rahim Ahmed and my phone number is 01898765432,1
1137,Contact me at john@yahoo.com,1
1138,I live at Chittagong Bangladesh,0
1139,Contact me at john@yahoo.com,1
1140,My name is Karim Hasan and my phone number is 01898765432,1
1141,My name is Rahim Ahmed and my phone number is 01898765432,1
1142,Contact me at john@yahoo.com,1
1143,Contact me at rahim@gmail.com,1
1144,Contact me at john@yahoo.com,1
1145,Contact me at david@gmail.com,1
1146,I live at New York USA,0
1147,I live at Chittagong Bangladesh,0
1148,My NID number is 9876543210,1
1149,David Miller lives in Dhaka Bangladesh and email is david@gmail.com,1
1150,ami thaki Dhaka Bangladesh,0
1151,amar nam David Miller amar phone 01898765432,1
1152,ami thaki Chittagong Bangladesh,0
1153,amar email holo rahim@gmail.com,1
1154,I live at Chittagong Bangladesh,0
1155,John Smith lives in Chittagong Bangladesh and email is john@yahoo.com,1
1156,I live at Dhaka Bangladesh,0
1157,I live at New York USA,0
1158,My name is Nusrat Jahan and my phone number is 01712345678,1
1159,amar nam Rahim Ahmed amar phone 01955667788,1
1160,ami thaki Dhaka Bangladesh,0
1161,John Smith lives in New York USA and email is rahim@gmail.com,1
1162,amar email holo john@yahoo.com,1
1163,Contact me at rahim@gmail.com,1
1164,amar email holo john@yahoo.com,1
1165,amar email holo john@yahoo.com,1
1166,My name is Rahim Ahmed and my phone number is 01955667788,1
1167,amar nam John Smith amar phone 01712345678,1
1168,amar email holo rahim@gmail.com,1
1169,My NID number is 9876543210,1
1170,My NID number is 9876543210,1
1171,amar email holo rahim@gmail.com,1
1172,My name is David Miller and my phone number is 01955667788,1
1173,John Smith lives in Chittagong Bangladesh and email is david@gmail.com,1
1174,Rahim Ahmed lives in New York USA and email is david@gmail.com,1
1175,amar email holo david@gmail.com,1
1176,amar nam Rahim Ahmed amar phone 01955667788,1
1177,Contact me at david@gmail.com,1
1178,amar email holo john@yahoo.com,1
1179,ami thaki Chittagong Bangladesh,0
1180,ami thaki New York USA,0
1181,I live at New York USA,0
1182,Rahim Ahmed lives in New York USA and email is john@yahoo.com,1
1183,Contact me at john@yahoo.com,1
1184,My name is Karim Hasan and my phone number is 01712345678,1
1185,My name is David Miller and my phone number is 01898765432,1
1186,My name is Rahim Ahmed and my phone number is 01712345678,1
1187,My name is David Miller and my phone number is 01898765432,1
1188,amar nam Nusrat Jahan amar phone 01712345678,1
1189,I live at Dhaka Bangladesh,0
1190,Contact me at david@gmail.com,1
1191,ami thaki New York USA,0
1192,ami thaki Dhaka Bangladesh,0
1193,I live at Dhaka Bangladesh,0
1194,amar email holo rahim@gmail.com,1
1195,amar email holo john@yahoo.com,1
1196,amar nam Nusrat Jahan amar phone 01955667788,1
1197,amar nam Nusrat Jahan amar phone 01712345678,1
1198,My name is Nusrat Jahan and my phone number is 01955667788,1
1199,My NID number is 1234567890,1
1200,amar email holo john@yahoo.com,1
1201,amar nam Karim Hasan amar phone 01712345678,1
1202,ami thaki Dhaka Bangladesh,0
1203,I live at New York USA,0
1204,amar nam Rahim Ahmed amar phone 01898765432,1
1205,amar email holo david@gmail.com,1
1206,amar email holo david@gmail.com,1
1207,amar email holo david@gmail.com,1
1208,amar email holo rahim@gmail.com,1
1209,I live at Dhaka Bangladesh,0
1210,My NID number is 9876543210,1
1211,amar nam Rahim Ahmed amar phone 01712345678,1
1212,amar nam Rahim Ahmed amar phone 01955667788,1
1213,ami thaki Dhaka Bangladesh,0
1214,My name is Rahim Ahmed and my phone number is 01898765432,1
1215,John Smith lives in Chittagong Bangladesh and email is john@yahoo.com,1
1216,amar nam Karim Hasan amar phone 01712345678,1
1217,My name is David Miller and my phone number is 01898765432,1
1218,ami thaki New York USA,0
1219,Contact me at david@gmail.com,1
1220,I live at New York USA,0
1221,Contact me at david@gmail.com,1
1222,amar nam Nusrat Jahan amar phone 01712345678,1
1223,amar email holo john@yahoo.com,1
1224,amar nam Nusrat Jahan amar phone 01712345678,1
1225,amar nam Nusrat Jahan amar phone 01712345678,1
1226,amar nam Rahim Ahmed amar phone 01955667788,1
1227,My NID number is 9876543210,1
1228,I live at Chittagong Bangladesh,0
1229,ami thaki Dhaka Bangladesh,0
1230,ami thaki New York USA,0
1231,David Miller lives in Chittagong Bangladesh and email is john@yahoo.com,1
1232,My NID number is 1234567890,1
1233,amar email holo david@gmail.com,1
1234,David Miller lives in Chittagong Bangladesh and email is john@yahoo.com,1
1235,Contact me at david@gmail.com,1
1236,My name is Nusrat Jahan and my phone number is 01898765432,1
1237,My name is David Miller and my phone number is 01955667788,1
1238,Contact me at david@gmail.com,1
1239,I live at Chittagong Bangladesh,0
1240,My NID number is 9876543210,1
1241,My NID number is 9876543210,1
1242,My name is Karim Hasan and my phone number is 01712345678,1
1243,My name is Nusrat Jahan and my phone number is 01712345678,1
1244,My NID number is 9876543210,1
1245,I live at New York USA,0
1246,Contact me at john@yahoo.com,1
1247,amar nam David Miller amar phone 01955667788,1
1248,My NID number is 9876543210,1
1249,amar nam Karim Hasan amar phone 01712345678,1
1250,My NID number is 1234567890,1
1251,Rahim Ahmed lives in Chittagong Bangladesh and email is david@gmail.com,1
1252,amar nam Nusrat Jahan amar phone 01898765432,1
1253,My name is Rahim Ahmed and my phone number is 01955667788,1
1254,ami thaki Chittagong Bangladesh,0
1255,I live at Chittagong Bangladesh,0
1256,I live at Dhaka Bangladesh,0
1257,ami thaki Chittagong Bangladesh,0
1258,I live at New York USA,0
1259,I live at Dhaka Bangladesh,0
1260,David Miller lives in Dhaka Bangladesh and email is david@gmail.com,1
1261,I live at New York USA,0
1262,ami thaki New York USA,0
1263,amar email holo rahim@gmail.com,1
1264,amar nam Karim Hasan amar phone 01712345678,1
1265,Nusrat Jahan lives in Dhaka Bangladesh and email is rahim@gmail.com,1
1266,amar email holo david@gmail.com,1
1267,John Smith lives in Chittagong Bangladesh and email is rahim@gmail.com,1
1268,My NID number is 9876543210,1
1269,David Miller lives in Dhaka Bangladesh and email is rahim@gmail.com,1
1270,I live at Chittagong Bangladesh,0
1271,I live at Chittagong Bangladesh,0
1272,Contact me at rahim@gmail.com,1
1273,amar email holo david@gmail.com,1
1274,ami thaki New York USA,0
1275,My NID number is 1234567890,1
1276,ami thaki Chittagong Bangladesh,0
1277,John Smith lives in Dhaka Bangladesh and email is david@gmail.com,1
1278,My name is Rahim Ahmed and my phone number is 01955667788,1
1279,Contact me at john@yahoo.com,1
1280,John Smith lives in New York USA and email is john@yahoo.com,1
1281,amar email holo rahim@gmail.com,1
1282,ami thaki Chittagong Bangladesh,0
1283,Contact me at david@gmail.com,1
1284,I live at Chittagong Bangladesh,0
1285,ami thaki Chittagong Bangladesh,0
1286,Nusrat Jahan lives in Chittagong Bangladesh and email is david@gmail.com,1
1287,My NID number is 1234567890,1
1288,My NID number is 9876543210,1
1289,amar email holo rahim@gmail.com,1
1290,My NID number is 1234567890,1
1291,Contact me at rahim@gmail.com,1
1292,ami thaki New York USA,0
1293,David Miller lives in New York USA and email is john@yahoo.com,1
1294,My name is David Miller and my phone number is 01955667788,1
1295,amar email holo john@yahoo.com,1
1296,My name is David Miller and my phone number is 01712345678,1
1297,John Smith lives in Chittagong Bangladesh and email is john@yahoo.com,1
1298,amar nam Rahim Ahmed amar phone 01898765432,1
1299,My NID number is 9876543210,1
1300,Contact me at rahim@gmail.com,1
1301,ami thaki New York USA,0
1302,I live at Dhaka Bangladesh,0
1303,My name is David Miller and my phone number is 01955667788,1
1304,ami thaki Dhaka Bangladesh,0
1305,amar nam Rahim Ahmed amar phone 01898765432,1
1306,ami thaki New York USA,0
1307,ami thaki Dhaka Bangladesh,0
1308,amar email holo john@yahoo.com,1
1309,Karim Hasan lives in New York USA and email is david@gmail.com,1
1310,My name is David Miller and my phone number is 01898765432,1
1311,Contact me at rahim@gmail.com,1
1312,My name is John Smith and my phone number is 01712345678,1
1313,Contact me at david@gmail.com,1
1314,amar email holo john@yahoo.com,1
1315,amar nam Nusrat Jahan amar phone 01898765432,1
1316,amar email holo john@yahoo.com,1
1317,My NID number is 9876543210,1
1318,amar nam David Miller amar phone 01955667788,1
1319,My name is David Miller and my phone number is 01955667788,1
1320,amar nam David Miller amar phone 01955667788,1
1321,amar email holo john@yahoo.com,1
1322,ami thaki Dhaka Bangladesh,0
1323,My NID number is 1234567890,1
1324,Contact me at rahim@gmail.com,1
1325,amar nam Nusrat Jahan amar phone 01955667788,1
1326,ami thaki Chittagong Bangladesh,0
1327,I live at New York USA,0
1328,amar nam Nusrat Jahan amar phone 01898765432,1
1329,amar nam Karim Hasan amar phone 01955667788,1
1330,amar email holo david@gmail.com,1
1331,My NID number is 9876543210,1
1332,amar nam John Smith amar phone 01955667788,1
1333,My NID number is 9876543210,1
1334,Contact me at john@yahoo.com,1
1335,My NID number is 1234567890,1
1336,ami thaki Chittagong Bangladesh,0
1337,amar email holo rahim@gmail.com,1
1338,I live at New York USA,0
1339,I live at New York USA,0
1340,Nusrat Jahan lives in Dhaka Bangladesh and email is john@yahoo.com,1
1341,My name is Karim Hasan and my phone number is 01955667788,1
1342,ami thaki Chittagong Bangladesh,0
1343,My NID number is 9876543210,1
1344,amar nam David Miller amar phone 01712345678,1
1345,amar email holo john@yahoo.com,1
1346,Karim Hasan lives in New York USA and email is david@gmail.com,1
1347,ami thaki Dhaka Bangladesh,0
1348,amar nam David Miller amar phone 01898765432,1
1349,Nusrat Jahan lives in New York USA and email is john@yahoo.com,1
1350,I live at Chittagong Bangladesh,0
1351,I live at Chittagong Bangladesh,0
1352,Rahim Ahmed lives in Dhaka Bangladesh and email is john@yahoo.com,1
1353,ami thaki Dhaka Bangladesh,0
1354,amar email holo david@gmail.com,1
1355,amar email holo rahim@gmail.com,1
1356,Contact me at david@gmail.com,1
1357,My NID number is 1234567890,1
1358,amar nam Nusrat Jahan amar phone 01898765432,1
1359,amar email holo david@gmail.com,1
1360,amar nam David Miller amar phone 01898765432,1
1361,amar email holo john@yahoo.com,1
1362,My NID number is 9876543210,1
1363,My name is Karim Hasan and my phone number is 01712345678,1
1364,Karim Hasan lives in New York USA and email is john@yahoo.com,1
1365,Contact me at david@gmail.com,1
1366,Contact me at rahim@gmail.com,1
1367,My name is Nusrat Jahan and my phone number is 01898765432,1
1368,ami thaki Dhaka Bangladesh,0
1369,amar nam John Smith amar phone 01712345678,1
1370,My name is Karim Hasan and my phone number is 01898765432,1
1371,amar email holo david@gmail.com,1
1372,My NID number is 1234567890,1
1373,My name is Karim Hasan and my phone number is 01955667788,1
1374,amar nam Karim Hasan amar phone 01898765432,1
1375,David Miller lives in New York USA and email is rahim@gmail.com,1
1376,My NID number is 1234567890,1
1377,Contact me at john@yahoo.com,1
1378,amar nam John Smith amar phone 01898765432,1
1379,ami thaki Dhaka Bangladesh,0
1380,I live at New York USA,0
1381,I live at Dhaka Bangladesh,0
1382,My name is David Miller and my phone number is 01898765432,1
1383,amar nam Karim Hasan amar phone 01955667788,1
1384,ami thaki Chittagong Bangladesh,0
1385,Contact me at rahim@gmail.com,1
1386,My name is Rahim Ahmed and my phone number is 01898765432,1
1387,I live at Chittagong Bangladesh,0
1388,My name is David Miller and my phone number is 01898765432,1
1389,amar email holo rahim@gmail.com,1
1390,amar nam Rahim Ahmed amar phone 01898765432,1
1391,amar nam Nusrat Jahan amar phone 01712345678,1
1392,Contact me at john@yahoo.com,1
1393,amar nam Karim Hasan amar phone 01712345678,1
1394,My NID number is 1234567890,1
1395,My NID number is 9876543210,1
1396,Contact me at john@yahoo.com,1
1397,ami thaki Dhaka Bangladesh,0
1398,ami thaki New York USA,0
1399,Contact me at john@yahoo.com,1
1400,Contact me at rahim@gmail.com,1
1401,ami thaki Chittagong Bangladesh,0
1402,amar email holo david@gmail.com,1
1403,Karim Hasan lives in New York USA and email is rahim@gmail.com,1
1404,amar email holo david@gmail.com,1
1405,I live at Dhaka Bangladesh,0
1406,My name is Rahim Ahmed and my phone number is 01712345678,1
1407,My name is Nusrat Jahan and my phone number is 01898765432,1
1408,I live at Dhaka Bangladesh,0
1409,ami thaki New York USA,0
1410,Contact me at david@gmail.com,1
1411,ami thaki New York USA,0
1412,My NID number is 9876543210,1
1413,David Miller lives in New York USA and email is david@gmail.com,1
1414,David Miller lives in New York USA and email is david@gmail.com,1
1415,Contact me at david@gmail.com,1
1416,I live at New York USA,0
1417,Contact me at rahim@gmail.com,1
1418,I live at Chittagong Bangladesh,0
1419,My NID number is 9876543210,1
1420,Contact me at john@yahoo.com,1
1421,Contact me at rahim@gmail.com,1
1422,Nusrat Jahan lives in Chittagong Bangladesh and email is john@yahoo.com,1
1423,ami thaki New York USA,0
1424,ami thaki Dhaka Bangladesh,0
1425,My NID number is 1234567890,1
1426,Karim Hasan lives in Chittagong Bangladesh and email is rahim@gmail.com,1
1427,amar email holo rahim@gmail.com,1
1428,amar email holo david@gmail.com,1
1429,amar email holo david@gmail.com,1
1430,Contact me at john@yahoo.com,1
1431,I live at New York USA,0
1432,My name is Nusrat Jahan and my phone number is 01712345678,1
1433,David Miller lives in Dhaka Bangladesh and email is david@gmail.com,1
1434,amar nam John Smith amar phone 01955667788,1
1435,amar nam Rahim Ahmed amar phone 01712345678,1
1436,My name is John Smith and my phone number is 01712345678,1
1437,My NID number is 9876543210,1
1438,My NID number is 1234567890,1
1439,amar email holo rahim@gmail.com,1
1440,My name is David Miller and my phone number is 01898765432,1
1441,My name is John Smith and my phone number is 01955667788,1
1442,Contact me at john@yahoo.com,1
1443,I live at New York USA,0
1444,I live at Chittagong Bangladesh,0
1445,Contact me at rahim@gmail.com,1
1446,My NID number is 1234567890,1
1447,Contact me at john@yahoo.com,1
1448,Contact me at david@gmail.com,1
1449,Karim Hasan lives in New York USA and email is rahim@gmail.com,1
1450,My NID number is 9876543210,1
1451,My name is Rahim Ahmed and my phone number is 01898765432,1
1452,My NID number is 9876543210,1
1453,Contact me at john@yahoo.com,1
1454,ami thaki Chittagong Bangladesh,0
1455,My NID number is 1234567890,1
1456,I live at Dhaka Bangladesh,0
1457,John Smith lives in Dhaka Bangladesh and email is john@yahoo.com,1
1458,amar email holo david@gmail.com,1
1459,ami thaki Chittagong Bangladesh,0
1460,I live at Chittagong Bangladesh,0
1461,Rahim Ahmed lives in Dhaka Bangladesh and email is david@gmail.com,1
1462,Nusrat Jahan lives in New York USA and email is rahim@gmail.com,1
1463,Contact me at rahim@gmail.com,1
1464,My name is David Miller and my phone number is 01955667788,1
1465,ami thaki Dhaka Bangladesh,0
1466,ami thaki Dhaka Bangladesh,0
1467,amar email holo david@gmail.com,1
1468,Contact me at john@yahoo.com,1
1469,amar email holo david@gmail.com,1
1470,I live at New York USA,0
1471,My NID number is 9876543210,1
1472,Rahim Ahmed lives in Chittagong Bangladesh and email is rahim@gmail.com,1
1473,amar nam Nusrat Jahan amar phone 01955667788,1
1474,My name is David Miller and my phone number is 01955667788,1
1475,ami thaki Chittagong Bangladesh,0
1476,My name is Karim Hasan and my phone number is 01955667788,1
1477,My NID number is 1234567890,1
1478,ami thaki Dhaka Bangladesh,0
1479,My NID number is 1234567890,1
1480,David Miller lives in Chittagong Bangladesh and email is david@gmail.com,1
1481,My name is Nusrat Jahan and my phone number is 01712345678,1
1482,Contact me at rahim@gmail.com,1
1483,My name is Rahim Ahmed and my phone number is 01712345678,1
1484,My NID number is 9876543210,1
1485,Contact me at rahim@gmail.com,1
1486,I live at Dhaka Bangladesh,0
1487,I live at Chittagong Bangladesh,0
1488,amar nam Rahim Ahmed amar phone 01955667788,1
1489,Contact me at david@gmail.com,1
1490,I live at New York USA,0
1491,ami thaki New York USA,0
1492,amar email holo rahim@gmail.com,1
1493,I live at Dhaka Bangladesh,0
1494,My name is Karim Hasan and my phone number is 01955667788,1
1495,My name is Nusrat Jahan and my phone number is 01712345678,1
1496,amar email holo rahim@gmail.com,1
1497,amar nam Nusrat Jahan amar phone 01955667788,1
1498,Karim Hasan lives in Dhaka Bangladesh and email is david@gmail.com,1
1499,Contact me at rahim@gmail.com,1
1500,Rahim Ahmed lives in Dhaka Bangladesh and email is john@yahoo.com,1
1501,ami thaki Chittagong Bangladesh,0
1502,My NID number is 9876543210,1
1503,I live at Dhaka Bangladesh,0
1504,Rahim Ahmed lives in Chittagong Bangladesh and email is john@yahoo.com,1
1505,My NID number is 1234567890,1
1506,I live at Chittagong Bangladesh,0
1507,ami thaki Dhaka Bangladesh,0
1508,amar nam David Miller amar phone 01898765432,1
1509,Rahim Ahmed lives in Dhaka Bangladesh and email is john@yahoo.com,1
1510,amar email holo david@gmail.com,1
1511,I live at Chittagong Bangladesh,0
1512,I live at New York USA,0
1513,My name is Karim Hasan and my phone number is 01712345678,1
1514,Contact me at rahim@gmail.com,1
1515,Karim Hasan lives in New York USA and email is john@yahoo.com,1
1516,David Miller lives in Chittagong Bangladesh and email is john@yahoo.com,1
1517,amar nam Karim Hasan amar phone 01712345678,1
1518,My NID number is 9876543210,1
1519,My name is John Smith and my phone number is 01955667788,1
1520,My name is Karim Hasan and my phone number is 01955667788,1
1521,Karim Hasan lives in Chittagong Bangladesh and email is david@gmail.com,1
1522,amar nam Rahim Ahmed amar phone 01898765432,1
1523,Rahim Ahmed lives in New York USA and email is john@yahoo.com,1
1524,My NID number is 9876543210,1
1525,Contact me at rahim@gmail.com,1
1526,I live at Chittagong Bangladesh,0
1527,I live at New York USA,0
1528,amar nam David Miller amar phone 01712345678,1
1529,I live at Chittagong Bangladesh,0
1530,Nusrat Jahan lives in New York USA and email is david@gmail.com,1
1531,amar nam Nusrat Jahan amar phone 01898765432,1
1532,Contact me at rahim@gmail.com,1
1533,ami thaki Dhaka Bangladesh,0
1534,My name is Karim Hasan and my phone number is 01898765432,1
1535,amar nam Karim Hasan amar phone 01955667788,1
1536,amar nam David Miller amar phone 01712345678,1
1537,My name is David Miller and my phone number is 01955667788,1
1538,I live at New York USA,0
1539,amar email holo david@gmail.com,1
1540,David Miller lives in Chittagong Bangladesh and email is rahim@gmail.com,1
1541,I live at Chittagong Bangladesh,0
1542,amar nam John Smith amar phone 01955667788,1
1543,My NID number is 1234567890,1
1544,Contact me at john@yahoo.com,1
1545,amar nam John Smith amar phone 01898765432,1
1546,Rahim Ahmed lives in Dhaka Bangladesh and email is rahim@gmail.com,1
1547,I live at New York USA,0
1548,I live at Dhaka Bangladesh,0
1549,My NID number is 1234567890,1
1550,My name is John Smith and my phone number is 01898765432,1
1551,amar email holo david@gmail.com,1
1552,amar nam John Smith amar phone 01712345678,1
1553,Contact me at rahim@gmail.com,1
1554,amar nam David Miller amar phone 01955667788,1
1555,My NID number is 9876543210,1
1556,My name is Rahim Ahmed and my phone number is 01712345678,1
1557,My NID number is 1234567890,1
1558,Contact me at david@gmail.com,1
1559,Contact me at john@yahoo.com,1
1560,David Miller lives in Dhaka Bangladesh and email is david@gmail.com,1
1561,John Smith lives in Dhaka Bangladesh and email is david@gmail.com,1
1562,John Smith lives in Dhaka Bangladesh and email is john@yahoo.com,1
1563,ami thaki Chittagong Bangladesh,0
1564,Karim Hasan lives in Dhaka Bangladesh and email is david@gmail.com,1
1565,amar nam Karim Hasan amar phone 01898765432,1
1566,My name is Rahim Ahmed and my phone number is 01955667788,1
1567,My name is David Miller and my phone number is 01898765432,1
1568,Contact me at david@gmail.com,1
1569,Contact me at john@yahoo.com,1
1570,My NID number is 9876543210,1
1571,I live at New York USA,0
1572,Nusrat Jahan lives in New York USA and email is john@yahoo.com,1
1573,amar nam Nusrat Jahan amar phone 01712345678,1
1574,My name is John Smith and my phone number is 01898765432,1
1575,ami thaki New York USA,0
1576,My name is John Smith and my phone number is 01955667788,1
1577,My NID number is 1234567890,1
1578,ami thaki Dhaka Bangladesh,0
1579,amar email holo john@yahoo.com,1
1580,amar email holo david@gmail.com,1
1581,ami thaki Chittagong Bangladesh,0
1582,ami thaki New York USA,0
1583,amar email holo david@gmail.com,1
1584,Nusrat Jahan lives in Chittagong Bangladesh and email is rahim@gmail.com,1
1585,amar nam Rahim Ahmed amar phone 01955667788,1
1586,amar email holo john@yahoo.com,1
1587,My name is Nusrat Jahan and my phone number is 01712345678,1
1588,amar email holo david@gmail.com,1
1589,Contact me at john@yahoo.com,1
1590,Karim Hasan lives in New York USA and email is john@yahoo.com,1
1591,amar nam Nusrat Jahan amar phone 01955667788,1
1592,My NID number is 9876543210,1
1593,My NID number is 1234567890,1
1594,amar email holo rahim@gmail.com,1
1595,Nusrat Jahan lives in Chittagong Bangladesh and email is john@yahoo.com,1
1596,My NID number is 9876543210,1
1597,I live at Chittagong Bangladesh,0
1598,ami thaki Chittagong Bangladesh,0
1599,amar email holo david@gmail.com,1
1600,Nusrat Jahan lives in Dhaka Bangladesh and email is john@yahoo.com,1
1601,amar email holo rahim@gmail.com,1
1602,amar email holo rahim@gmail.com,1
1603,I live at Dhaka Bangladesh,0
1604,amar nam David Miller amar phone 01955667788,1
1605,ami thaki Dhaka Bangladesh,0
1606,My name is Nusrat Jahan and my phone number is 01898765432,1
1607,My name is Rahim Ahmed and my phone number is 01955667788,1
1608,My name is Karim Hasan and my phone number is 01712345678,1
1609,ami thaki Dhaka Bangladesh,0
1610,ami thaki New York USA,0
1611,ami thaki New York USA,0
1612,Rahim Ahmed lives in Chittagong Bangladesh and email is david@gmail.com,1
1613,Karim Hasan lives in New York USA and email is david@gmail.com,1
1614,My NID number is 9876543210,1
1615,My name is Karim Hasan and my phone number is 01898765432,1
1616,My NID number is 9876543210,1
1617,My NID number is 9876543210,1
1618,amar nam Nusrat Jahan amar phone 01955667788,1
1619,ami thaki New York USA,0
1620,Contact me at john@yahoo.com,1
1621,My name is Karim Hasan and my phone number is 01712345678,1
1622,ami thaki Dhaka Bangladesh,0
1623,amar nam Nusrat Jahan amar phone 01712345678,1
1624,Karim Hasan lives in Dhaka Bangladesh and email is john@yahoo.com,1
1625,I live at New York USA,0
1626,I live at Dhaka Bangladesh,0
1627,I live at Chittagong Bangladesh,0
1628,John Smith lives in Dhaka Bangladesh and email is rahim@gmail.com,1
1629,My name is Nusrat Jahan and my phone number is 01712345678,1
1630,ami thaki Chittagong Bangladesh,0
1631,My name is Rahim Ahmed and my phone number is 01955667788,1
1632,Contact me at john@yahoo.com,1
1633,I live at Chittagong Bangladesh,0
1634,amar email holo john@yahoo.com,1
1635,My NID number is 9876543210,1
1636,amar email holo john@yahoo.com,1
1637,ami thaki New York USA,0
1638,amar email holo david@gmail.com,1
1639,Contact me at rahim@gmail.com,1
1640,Nusrat Jahan lives in New York USA and email is john@yahoo.com,1
1641,Contact me at rahim@gmail.com,1
1642,My NID number is 1234567890,1
1643,amar email holo david@gmail.com,1
1644,I live at Dhaka Bangladesh,0
1645,I live at New York USA,0
1646,Contact me at rahim@gmail.com,1
1647,My name is John Smith and my phone number is 01712345678,1
1648,David Miller lives in Dhaka Bangladesh and email is john@yahoo.com,1
1649,My NID number is 1234567890,1
1650,Contact me at john@yahoo.com,1
1651,My name is Nusrat Jahan and my phone number is 01898765432,1
1652,Nusrat Jahan lives in Dhaka Bangladesh and email is john@yahoo.com,1
1653,ami thaki Dhaka Bangladesh,0
1654,amar nam David Miller amar phone 01712345678,1
1655,My NID number is 9876543210,1
1656,Contact me at john@yahoo.com,1
1657,I live at Chittagong Bangladesh,0
1658,Contact me at john@yahoo.com,1
1659,John Smith lives in Chittagong Bangladesh and email is john@yahoo.com,1
1660,My NID number is 1234567890,1
1661,amar nam David Miller amar phone 01955667788,1
1662,I live at New York USA,0
1663,My name is John Smith and my phone number is 01955667788,1
1664,I live at New York USA,0
1665,Contact me at john@yahoo.com,1
1666,My name is Nusrat Jahan and my phone number is 01898765432,1
1667,My NID number is 1234567890,1
1668,My name is David Miller and my phone number is 01955667788,1
1669,ami thaki New York USA,0
1670,Contact me at rahim@gmail.com,1
1671,Contact me at john@yahoo.com,1
1672,Contact me at david@gmail.com,1
1673,I live at Chittagong Bangladesh,0
1674,Rahim Ahmed lives in Chittagong Bangladesh and email is david@gmail.com,1
1675,Contact me at john@yahoo.com,1
1676,ami thaki Chittagong Bangladesh,0
1677,amar email holo rahim@gmail.com,1
1678,Nusrat Jahan lives in New York USA and email is john@yahoo.com,1
1679,Contact me at rahim@gmail.com,1
1680,I live at New York USA,0
1681,Rahim Ahmed lives in New York USA and email is john@yahoo.com,1
1682,ami thaki Chittagong Bangladesh,0
1683,I live at Chittagong Bangladesh,0
1684,amar nam David Miller amar phone 01955667788,1
1685,amar nam Karim Hasan amar phone 01955667788,1
1686,ami thaki New York USA,0
1687,amar email holo david@gmail.com,1
1688,amar email holo david@gmail.com,1
1689,amar nam Rahim Ahmed amar phone 01712345678,1
1690,David Miller lives in Chittagong Bangladesh and email is john@yahoo.com,1
1691,ami thaki Chittagong Bangladesh,0
1692,My NID number is 9876543210,1
1693,My name is Karim Hasan and my phone number is 01712345678,1
1694,Rahim Ahmed lives in Chittagong Bangladesh and email is rahim@gmail.com,1
1695,amar nam Nusrat Jahan amar phone 01712345678,1
1696,I live at Dhaka Bangladesh,0
1697,My name is David Miller and my phone number is 01712345678,1
1698,Karim Hasan lives in Dhaka Bangladesh and email is rahim@gmail.com,1
1699,ami thaki Dhaka Bangladesh,0
1700,ami thaki Chittagong Bangladesh,0
1701,David Miller lives in New York USA and email is john@yahoo.com,1
1702,I live at New York USA,0
1703,amar nam Nusrat Jahan amar phone 01955667788,1
1704,I live at Dhaka Bangladesh,0
1705,Contact me at david@gmail.com,1
1706,ami thaki Chittagong Bangladesh,0
1707,Contact me at john@yahoo.com,1
1708,amar nam David Miller amar phone 01898765432,1
1709,I live at New York USA,0
1710,amar nam David Miller amar phone 01955667788,1
1711,ami thaki New York USA,0
1712,David Miller lives in Chittagong Bangladesh and email is rahim@gmail.com,1
1713,ami thaki Dhaka Bangladesh,0
1714,David Miller lives in Chittagong Bangladesh and email is john@yahoo.com,1
1715,ami thaki New York USA,0
1716,ami thaki Dhaka Bangladesh,0
1717,ami thaki Dhaka Bangladesh,0
1718,My NID number is 9876543210,1
1719,I live at New York USA,0
1720,amar email holo david@gmail.com,1
1721,My name is John Smith and my phone number is 01955667788,1
1722,amar email holo john@yahoo.com,1
1723,David Miller lives in Dhaka Bangladesh and email is rahim@gmail.com,1
1724,Contact me at john@yahoo.com,1
1725,amar email holo rahim@gmail.com,1
1726,amar email holo john@yahoo.com,1
1727,My NID number is 9876543210,1
1728,I live at Chittagong Bangladesh,0
1729,My name is John Smith and my phone number is 01712345678,1
1730,amar email holo rahim@gmail.com,1
1731,amar email holo john@yahoo.com,1
1732,David Miller lives in New York USA and email is david@gmail.com,1
1733,My name is Nusrat Jahan and my phone number is 01898765432,1
1734,amar nam Karim Hasan amar phone 01955667788,1
1735,amar nam Rahim Ahmed amar phone 01898765432,1
1736,I live at Dhaka Bangladesh,0
1737,ami thaki Chittagong Bangladesh,0
1738,I live at Chittagong Bangladesh,0
1739,My NID number is 1234567890,1
1740,I live at Chittagong Bangladesh,0
1741,ami thaki New York USA,0
1742,David Miller lives in Chittagong Bangladesh and email is rahim@gmail.com,1
1743,amar email holo rahim@gmail.com,1
1744,Contact me at david@gmail.com,1
1745,My NID number is 1234567890,1
1746,amar email holo rahim@gmail.com,1
1747,amar email holo david@gmail.com,1
1748,Contact me at john@yahoo.com,1
1749,My NID number is 9876543210,1
1750,Contact me at john@yahoo.com,1
1751,Contact me at john@yahoo.com,1
1752,amar nam Karim Hasan amar phone 01955667788,1
1753,My NID number is 9876543210,1
1754,My name is Rahim Ahmed and my phone number is 01955667788,1
1755,John Smith lives in Dhaka Bangladesh and email is john@yahoo.com,1
1756,I live at New York USA,0
1757,Contact me at david@gmail.com,1
1758,ami thaki Chittagong Bangladesh,0
1759,My name is John Smith and my phone number is 01712345678,1
1760,John Smith lives in Chittagong Bangladesh and email is john@yahoo.com,1
1761,ami thaki New York USA,0
1762,amar email holo john@yahoo.com,1
1763,I live at New York USA,0
1764,Contact me at david@gmail.com,1
1765,My NID number is 9876543210,1
1766,My name is David Miller and my phone number is 01955667788,1
1767,Contact me at david@gmail.com,1
1768,Contact me at david@gmail.com,1
1769,My NID number is 9876543210,1
1770,My NID number is 9876543210,1
1771,David Miller lives in New York USA and email is rahim@gmail.com,1
1772,amar email holo rahim@gmail.com,1
1773,amar nam Karim Hasan amar phone 01955667788,1
1774,Contact me at david@gmail.com,1
1775,ami thaki Chittagong Bangladesh,0
1776,Contact me at david@gmail.com,1
1777,Contact me at david@gmail.com,1
1778,Nusrat Jahan lives in New York USA and email is john@yahoo.com,1
1779,ami thaki Dhaka Bangladesh,0
1780,amar nam Karim Hasan amar phone 01712345678,1
1781,I live at Chittagong Bangladesh,0
1782,ami thaki Dhaka Bangladesh,0
1783,amar email holo rahim@gmail.com,1
1784,Karim Hasan lives in New York USA and email is david@gmail.com,1
1785,David Miller lives in Chittagong Bangladesh and email is john@yahoo.com,1
1786,Rahim Ahmed lives in Chittagong Bangladesh and email is john@yahoo.com,1
1787,Contact me at john@yahoo.com,1
1788,amar email holo rahim@gmail.com,1
1789,amar nam Nusrat Jahan amar phone 01712345678,1
1790,My NID number is 9876543210,1
1791,My name is John Smith and my phone number is 01898765432,1
1792,My name is Nusrat Jahan and my phone number is 01712345678,1
1793,ami thaki Dhaka Bangladesh,0
1794,amar nam David Miller amar phone 01898765432,1
1795,My name is Rahim Ahmed and my phone number is 01712345678,1
1796,My name is Karim Hasan and my phone number is 01712345678,1
1797,amar email holo david@gmail.com,1
1798,Contact me at john@yahoo.com,1
1799,ami thaki Chittagong Bangladesh,0
1800,ami thaki Dhaka Bangladesh,0
1801,I live at New York USA,0
1802,amar email holo john@yahoo.com,1
1803,Contact me at rahim@gmail.com,1
1804,My name is Karim Hasan and my phone number is 01955667788,1
1805,ami thaki New York USA,0
1806,Nusrat Jahan lives in Chittagong Bangladesh and email is david@gmail.com,1
1807,I live at New York USA,0
1808,I live at Chittagong Bangladesh,0
1809,Contact me at john@yahoo.com,1
1810,Contact me at john@yahoo.com,1
1811,My name is Karim Hasan and my phone number is 01898765432,1
1812,My NID number is 1234567890,1
1813,David Miller lives in Dhaka Bangladesh and email is rahim@gmail.com,1
1814,ami thaki Dhaka Bangladesh,0
1815,I live at New York USA,0
1816,amar email holo david@gmail.com,1
1817,Contact me at rahim@gmail.com,1
1818,My name is David Miller and my phone number is 01955667788,1
1819,I live at New York USA,0
1820,Contact me at john@yahoo.com,1
1821,My NID number is 1234567890,1
1822,amar nam John Smith amar phone 01898765432,1
1823,Contact me at david@gmail.com,1
1824,Contact me at john@yahoo.com,1
1825,My NID number is 1234567890,1
1826,amar nam Nusrat Jahan amar phone 01955667788,1
1827,Contact me at john@yahoo.com,1
1828,My NID number is 1234567890,1
1829,My NID number is 9876543210,1
1830,ami thaki New York USA,0
1831,I live at Dhaka Bangladesh,0
1832,Contact me at john@yahoo.com,1
1833,amar email holo rahim@gmail.com,1
1834,amar email holo john@yahoo.com,1
1835,I live at New York USA,0
1836,amar email holo rahim@gmail.com,1
1837,Contact me at david@gmail.com,1
1838,Nusrat Jahan lives in New York USA and email is rahim@gmail.com,1
1839,My name is John Smith and my phone number is 01712345678,1
1840,My name is Nusrat Jahan and my phone number is 01955667788,1
1841,John Smith lives in Chittagong Bangladesh and email is john@yahoo.com,1
1842,ami thaki New York USA,0
1843,amar nam David Miller amar phone 01712345678,1
1844,My name is Nusrat Jahan and my phone number is 01712345678,1
1845,My NID number is 9876543210,1
1846,Contact me at john@yahoo.com,1
1847,My NID number is 1234567890,1
1848,amar nam Rahim Ahmed amar phone 01712345678,1
1849,I live at Chittagong Bangladesh,0
1850,Nusrat Jahan lives in Dhaka Bangladesh and email is rahim@gmail.com,1
1851,amar email holo john@yahoo.com,1
1852,My NID number is 1234567890,1
1853,John Smith lives in Chittagong Bangladesh and email is john@yahoo.com,1
1854,My NID number is 1234567890,1
1855,I live at New York USA,0
1856,ami thaki Dhaka Bangladesh,0
1857,My NID number is 9876543210,1
1858,My name is David Miller and my phone number is 01712345678,1
1859,My NID number is 1234567890,1
1860,Karim Hasan lives in Dhaka Bangladesh and email is john@yahoo.com,1
1861,My name is David Miller and my phone number is 01955667788,1
1862,My NID number is 9876543210,1
1863,My name is David Miller and my phone number is 01898765432,1
1864,amar email holo david@gmail.com,1
1865,My NID number is 1234567890,1
1866,ami thaki Dhaka Bangladesh,0
1867,David Miller lives in Chittagong Bangladesh and email is david@gmail.com,1
1868,ami thaki New York USA,0
1869,I live at Dhaka Bangladesh,0
1870,Karim Hasan lives in New York USA and email is david@gmail.com,1
1871,I live at New York USA,0
1872,amar nam Nusrat Jahan amar phone 01955667788,1
1873,Contact me at david@gmail.com,1
1874,I live at Dhaka Bangladesh,0
1875,My NID number is 9876543210,1
1876,Contact me at david@gmail.com,1
1877,Rahim Ahmed lives in Chittagong Bangladesh and email is david@gmail.com,1
1878,My NID number is 9876543210,1
1879,amar email holo rahim@gmail.com,1
1880,ami thaki New York USA,0
1881,ami thaki Dhaka Bangladesh,0
1882,ami thaki Chittagong Bangladesh,0
1883,Karim Hasan lives in Chittagong Bangladesh and email is rahim@gmail.com,1
1884,ami thaki New York USA,0
1885,My name is Nusrat Jahan and my phone number is 01898765432,1
1886,John Smith lives in New York USA and email is rahim@gmail.com,1
1887,John Smith lives in Chittagong Bangladesh and email is john@yahoo.com,1
1888,Contact me at rahim@gmail.com,1
1889,Contact me at rahim@gmail.com,1
1890,Contact me at john@yahoo.com,1
1891,My NID number is 1234567890,1
1892,Contact me at rahim@gmail.com,1
1893,My NID number is 9876543210,1
1894,amar nam Karim Hasan amar phone 01712345678,1
1895,ami thaki Dhaka Bangladesh,0
1896,Contact me at john@yahoo.com,1
1897,ami thaki Chittagong Bangladesh,0
1898,I live at New York USA,0
1899,My NID number is 9876543210,1
1900,amar nam Nusrat Jahan amar phone 01955667788,1
1901,Contact me at john@yahoo.com,1
1902,My name is David Miller and my phone number is 01955667788,1
1903,ami thaki Dhaka Bangladesh,0
1904,David Miller lives in Chittagong Bangladesh and email is rahim@gmail.com,1
1905,Contact me at rahim@gmail.com,1
1906,amar nam David Miller amar phone 01955667788,1
1907,Contact me at john@yahoo.com,1
1908,amar email holo john@yahoo.com,1
1909,My name is Karim Hasan and my phone number is 01712345678,1
1910,My name is John Smith and my phone number is 01712345678,1
1911,Nusrat Jahan lives in New York USA and email is rahim@gmail.com,1
1912,amar email holo john@yahoo.com,1
1913,ami thaki Chittagong Bangladesh,0
1914,Nusrat Jahan lives in Chittagong Bangladesh and email is david@gmail.com,1
1915,amar nam John Smith amar phone 01898765432,1
1916,Karim Hasan lives in Chittagong Bangladesh and email is john@yahoo.com,1
1917,My name is Karim Hasan and my phone number is 01898765432,1
1918,I live at Chittagong Bangladesh,0
1919,I live at Chittagong Bangladesh,0
1920,John Smith lives in Dhaka Bangladesh and email is rahim@gmail.com,1
1921,My NID number is 1234567890,1
1922,amar email holo john@yahoo.com,1
1923,My name is David Miller and my phone number is 01898765432,1
1924,Contact me at john@yahoo.com,1
1925,amar nam John Smith amar phone 01712345678,1
1926,Rahim Ahmed lives in Dhaka Bangladesh and email is rahim@gmail.com,1
1927,Contact me at david@gmail.com,1
1928,Contact me at david@gmail.com,1
1929,Contact me at john@yahoo.com,1
1930,Nusrat Jahan lives in Dhaka Bangladesh and email is david@gmail.com,1
1931,I live at Dhaka Bangladesh,0
1932,My NID number is 9876543210,1
1933,My NID number is 9876543210,1
1934,My NID number is 1234567890,1
1935,My name is Karim Hasan and my phone number is 01898765432,1
1936,Contact me at john@yahoo.com,1
1937,amar nam David Miller amar phone 01898765432,1
1938,My name is Karim Hasan and my phone number is 01898765432,1
1939,Contact me at john@yahoo.com,1
1940,My name is Karim Hasan and my phone number is 01955667788,1
1941,David Miller lives in Dhaka Bangladesh and email is david@gmail.com,1
1942,amar email holo john@yahoo.com,1
1943,My NID number is 9876543210,1
1944,ami thaki Chittagong Bangladesh,0
1945,Rahim Ahmed lives in New York USA and email is rahim@gmail.com,1
1946,ami thaki Chittagong Bangladesh,0
1947,I live at New York USA,0
1948,amar nam Karim Hasan amar phone 01712345678,1
1949,My NID number is 1234567890,1
1950,amar email holo rahim@gmail.com,1
1951,Contact me at john@yahoo.com,1
1952,Nusrat Jahan lives in Dhaka Bangladesh and email is john@yahoo.com,1
1953,ami thaki Chittagong Bangladesh,0
1954,Contact me at john@yahoo.com,1
1955,I live at Dhaka Bangladesh,0
1956,Nusrat Jahan lives in Chittagong Bangladesh and email is rahim@gmail.com,1
1957,My name is Nusrat Jahan and my phone number is 01955667788,1
1958,ami thaki Dhaka Bangladesh,0
1959,amar email holo john@yahoo.com,1
1960,ami thaki New York USA,0
1961,I live at Chittagong Bangladesh,0
1962,My NID number is 9876543210,1
1963,My NID number is 1234567890,1
1964,ami thaki Dhaka Bangladesh,0
1965,amar email holo david@gmail.com,1
1966,David Miller lives in Dhaka Bangladesh and email is rahim@gmail.com,1
1967,amar email holo rahim@gmail.com,1
1968,I live at Dhaka Bangladesh,0
1969,ami thaki Chittagong Bangladesh,0
1970,Contact me at john@yahoo.com,1
1971,amar email holo david@gmail.com,1
1972,ami thaki New York USA,0
1973,amar nam David Miller amar phone 01955667788,1
1974,My NID number is 9876543210,1
1975,Contact me at john@yahoo.com,1
1976,My name is David Miller and my phone number is 01898765432,1
1977,My NID number is 1234567890,1
1978,amar email holo rahim@gmail.com,1
1979,My NID number is 1234567890,1
1980,ami thaki Dhaka Bangladesh,0
1981,My name is Nusrat Jahan and my phone number is 01712345678,1
1982,Contact me at john@yahoo.com,1
1983,My name is Karim Hasan and my phone number is 01955667788,1
1984,Rahim Ahmed lives in New York USA and email is david@gmail.com,1
1985,My NID number is 9876543210,1
1986,David Miller lives in New York USA and email is rahim@gmail.com,1
1987,Rahim Ahmed lives in Dhaka Bangladesh and email is rahim@gmail.com,1
1988,My NID number is 9876543210,1
1989,ami thaki Dhaka Bangladesh,0
1990,ami thaki Dhaka Bangladesh,0
1991,amar email holo john@yahoo.com,1
1992,My NID number is 9876543210,1
1993,amar nam Rahim Ahmed amar phone 01898765432,1
1994,amar email holo rahim@gmail.com,1
1995,ami thaki New York USA,0
1996,Contact me at david@gmail.com,1
1997,My name is Karim Hasan and my phone number is 01898765432,1
1998,amar email holo david@gmail.com,1
1999,Contact me at david@gmail.com,1
2000,Nusrat Jahan lives in Chittagong Bangladesh and email is david@gmail.com,1
2001,amar nam John Smith amar phone 01712345678,1
2002,amar nam David Miller amar phone 01712345678,1
2003,Contact me at rahim@gmail.com,1
2004,amar nam John Smith amar phone 01898765432,1
2005,Contact me at rahim@gmail.com,1
2006,I live at Dhaka Bangladesh,0
2007,John Smith lives in New York USA and email is john@yahoo.com,1
2008,My NID number is 1234567890,1
2009,Karim Hasan lives in New York USA and email is rahim@gmail.com,1
2010,My name is John Smith and my phone number is 01955667788,1
2011,My name is John Smith and my phone number is 01712345678,1
2012,amar email holo john@yahoo.com,1
2013,Contact me at john@yahoo.com,1
2014,amar email holo david@gmail.com,1
2015,amar email holo john@yahoo.com,1
2016,My NID number is 1234567890,1
2017,ami thaki Chittagong Bangladesh,0
2018,I live at Dhaka Bangladesh,0
2019,amar email holo john@yahoo.com,1
2020,amar nam John Smith amar phone 01898765432,1
2021,Rahim Ahmed lives in New York USA and email is john@yahoo.com,1
2022,I live at New York USA,0
2023,John Smith lives in New York USA and email is john@yahoo.com,1
2024,amar email holo rahim@gmail.com,1
2025,My NID number is 9876543210,1
2026,My NID number is 1234567890,1
2027,ami thaki Chittagong Bangladesh,0
2028,My name is Rahim Ahmed and my phone number is 01712345678,1
2029,ami thaki Dhaka Bangladesh,0
2030,amar nam John Smith amar phone 01898765432,1
2031,Contact me at john@yahoo.com,1
2032,Contact me at david@gmail.com,1
2033,My name is John Smith and my phone number is 01712345678,1
2034,My name is Nusrat Jahan and my phone number is 01898765432,1
2035,ami thaki Dhaka Bangladesh,0
2036,amar email holo rahim@gmail.com,1
2037,amar nam Nusrat Jahan amar phone 01898765432,1
2038,I live at New York USA,0
2039,ami thaki Dhaka Bangladesh,0
2040,amar nam John Smith amar phone 01712345678,1
2041,Contact me at rahim@gmail.com,1
2042,Contact me at john@yahoo.com,1
2043,amar nam Rahim Ahmed amar phone 01955667788,1
2044,amar email holo john@yahoo.com,1
2045,Contact me at rahim@gmail.com,1
2046,ami thaki New York USA,0
2047,John Smith lives in New York USA and email is rahim@gmail.com,1
2048,I live at Dhaka Bangladesh,0
2049,My name is John Smith and my phone number is 01955667788,1
2050,amar email holo david@gmail.com,1
2051,Contact me at david@gmail.com,1
2052,My name is John Smith and my phone number is 01955667788,1
2053,ami thaki Dhaka Bangladesh,0
2054,My NID number is 1234567890,1
2055,Contact me at rahim@gmail.com,1
2056,amar email holo john@yahoo.com,1
2057,Karim Hasan lives in Chittagong Bangladesh and email is rahim@gmail.com,1
2058,Contact me at john@yahoo.com,1
2059,My name is Rahim Ahmed and my phone number is 01898765432,1
2060,Contact me at rahim@gmail.com,1
2061,My name is John Smith and my phone number is 01712345678,1
2062,amar nam Nusrat Jahan amar phone 01955667788,1
2063,ami thaki Dhaka Bangladesh,0
2064,I live at Dhaka Bangladesh,0
2065,John Smith lives in Chittagong Bangladesh and email is john@yahoo.com,1
2066,Contact me at john@yahoo.com,1
2067,amar nam Rahim Ahmed amar phone 01955667788,1
2068,amar email holo rahim@gmail.com,1
2069,Contact me at rahim@gmail.com,1
2070,John Smith lives in Chittagong Bangladesh and email is rahim@gmail.com,1
2071,My name is David Miller and my phone number is 01898765432,1
2072,My NID number is 9876543210,1
2073,ami thaki Chittagong Bangladesh,0
2074,I live at Dhaka Bangladesh,0
2075,amar email holo david@gmail.com,1
2076,amar email holo david@gmail.com,1
2077,Karim Hasan lives in New York USA and email is john@yahoo.com,1
2078,ami thaki Chittagong Bangladesh,0
2079,amar nam Karim Hasan amar phone 01955667788,1
2080,John Smith lives in Chittagong Bangladesh and email is david@gmail.com,1
2081,My name is Karim Hasan and my phone number is 01898765432,1
2082,My name is Nusrat Jahan and my phone number is 01955667788,1
2083,ami thaki New York USA,0
2084,amar email holo david@gmail.com,1
2085,John Smith lives in New York USA and email is david@gmail.com,1
2086,Karim Hasan lives in New York USA and email is david@gmail.com,1
2087,amar email holo rahim@gmail.com,1
2088,My NID number is 9876543210,1
2089,ami thaki New York USA,0
2090,amar nam Nusrat Jahan amar phone 01898765432,1
2091,Nusrat Jahan lives in New York USA and email is john@yahoo.com,1
2092,amar email holo john@yahoo.com,1
2093,Rahim Ahmed lives in New York USA and email is david@gmail.com,1
2094,ami thaki New York USA,0
2095,Contact me at rahim@gmail.com,1
2096,My NID number is 1234567890,1
2097,Rahim Ahmed lives in New York USA and email is rahim@gmail.com,1
2098,Contact me at david@gmail.com,1
2099,I live at Chittagong Bangladesh,0
2100,My NID number is 1234567890,1
2101,My NID number is 1234567890,1
2102,My NID number is 9876543210,1
2103,My name is David Miller and my phone number is 01955667788,1
2104,amar email holo rahim@gmail.com,1
2105,amar email holo john@yahoo.com,1
2106,Contact me at john@yahoo.com,1
2107,Contact me at john@yahoo.com,1
2108,Contact me at david@gmail.com,1
2109,Contact me at david@gmail.com,1
2110,I live at Chittagong Bangladesh,0
2111,My name is Karim Hasan and my phone number is 01712345678,1
2112,My NID number is 1234567890,1
2113,My NID number is 9876543210,1
2114,amar email holo rahim@gmail.com,1
2115,My name is Nusrat Jahan and my phone number is 01955667788,1
2116,Rahim Ahmed lives in New York USA and email is john@yahoo.com,1
2117,ami thaki Dhaka Bangladesh,0
2118,Nusrat Jahan lives in New York USA and email is david@gmail.com,1
2119,ami thaki Chittagong Bangladesh,0
2120,Nusrat Jahan lives in Dhaka Bangladesh and email is david@gmail.com,1
2121,My name is Nusrat Jahan and my phone number is 01898765432,1
2122,My NID number is 1234567890,1
2123,amar email holo david@gmail.com,1
2124,ami thaki New York USA,0
2125,I live at Chittagong Bangladesh,0
2126,amar nam Rahim Ahmed amar phone 01955667788,1
2127,Karim Hasan lives in Dhaka Bangladesh and email is john@yahoo.com,1
2128,amar nam Karim Hasan amar phone 01955667788,1
2129,ami thaki Chittagong Bangladesh,0
2130,My name is John Smith and my phone number is 01955667788,1
2131,My NID number is 1234567890,1
2132,My name is David Miller and my phone number is 01712345678,1
2133,amar nam John Smith amar phone 01898765432,1
2134,amar email holo david@gmail.com,1
2135,David Miller lives in Chittagong Bangladesh and email is david@gmail.com,1
2136,Rahim Ahmed lives in Chittagong Bangladesh and email is david@gmail.com,1
2137,Karim Hasan lives in Dhaka Bangladesh and email is john@yahoo.com,1
2138,amar nam Nusrat Jahan amar phone 01955667788,1
2139,amar email holo john@yahoo.com,1
2140,amar nam John Smith amar phone 01898765432,1
2141,I live at New York USA,0
2142,My name is David Miller and my phone number is 01712345678,1
2143,I live at Dhaka Bangladesh,0
2144,amar email holo rahim@gmail.com,1
2145,amar email holo david@gmail.com,1
2146,I live at Chittagong Bangladesh,0
2147,ami thaki Chittagong Bangladesh,0
2148,ami thaki Chittagong Bangladesh,0
2149,amar nam David Miller amar phone 01712345678,1
2150,My name is David Miller and my phone number is 01955667788,1
2151,My name is Rahim Ahmed and my phone number is 01898765432,1
2152,ami thaki Chittagong Bangladesh,0
2153,I live at Chittagong Bangladesh,0
2154,My name is David Miller and my phone number is 01712345678,1
2155,My name is Karim Hasan and my phone number is 01712345678,1
2156,Contact me at david@gmail.com,1
2157,Contact me at john@yahoo.com,1
2158,I live at Dhaka Bangladesh,0
2159,amar email holo david@gmail.com,1
2160,Rahim Ahmed lives in Dhaka Bangladesh and email is rahim@gmail.com,1
2161,amar nam John Smith amar phone 01898765432,1
2162,My NID number is 1234567890,1
2163,John Smith lives in Chittagong Bangladesh and email is rahim@gmail.com,1
2164,ami thaki Dhaka Bangladesh,0
2165,Contact me at rahim@gmail.com,1
2166,amar email holo john@yahoo.com,1
2167,ami thaki Dhaka Bangladesh,0
2168,My name is Nusrat Jahan and my phone number is 01955667788,1
2169,I live at Dhaka Bangladesh,0
2170,John Smith lives in New York USA and email is john@yahoo.com,1
2171,Nusrat Jahan lives in New York USA and email is john@yahoo.com,1
2172,amar email holo rahim@gmail.com,1
2173,My NID number is 1234567890,1
2174,My name is Karim Hasan and my phone number is 01712345678,1
2175,My name is John Smith and my phone number is 01898765432,1
2176,ami thaki Chittagong Bangladesh,0
2177,ami thaki Dhaka Bangladesh,0
2178,amar email holo john@yahoo.com,1
2179,Contact me at john@yahoo.com,1
2180,amar nam Rahim Ahmed amar phone 01955667788,1
2181,amar email holo rahim@gmail.com,1
2182,Rahim Ahmed lives in Chittagong Bangladesh and email is john@yahoo.com,1
2183,I live at New York USA,0
2184,My NID number is 9876543210,1
2185,I live at Dhaka Bangladesh,0
2186,Karim Hasan lives in Dhaka Bangladesh and email is john@yahoo.com,1
2187,My name is Karim Hasan and my phone number is 01712345678,1
2188,I live at Dhaka Bangladesh,0
2189,ami thaki Dhaka Bangladesh,0
2190,amar nam David Miller amar phone 01898765432,1
2191,ami thaki Chittagong Bangladesh,0
2192,John Smith lives in New York USA and email is john@yahoo.com,1
2193,amar nam John Smith amar phone 01955667788,1
2194,amar nam Karim Hasan amar phone 01712345678,1
2195,My name is John Smith and my phone number is 01712345678,1
2196,ami thaki New York USA,0
2197,ami thaki New York USA,0
2198,My name is David Miller and my phone number is 01898765432,1
2199,Contact me at rahim@gmail.com,1
2200,Contact me at rahim@gmail.com,1
2201,amar email holo david@gmail.com,1
2202,Rahim Ahmed lives in Dhaka Bangladesh and email is rahim@gmail.com,1
2203,My name is Rahim Ahmed and my phone number is 01898765432,1
2204,amar email holo john@yahoo.com,1
2205,My NID number is 9876543210,1
2206,Contact me at john@yahoo.com,1
2207,Contact me at john@yahoo.com,1
2208,amar email holo rahim@gmail.com,1
2209,I live at New York USA,0
2210,Rahim Ahmed lives in New York USA and email is john@yahoo.com,1
2211,amar nam Nusrat Jahan amar phone 01898765432,1
2212,I live at New York USA,0
2213,amar email holo john@yahoo.com,1
2214,Contact me at john@yahoo.com,1
2215,amar email holo john@yahoo.com,1
2216,amar nam Rahim Ahmed amar phone 01955667788,1
2217,ami thaki Dhaka Bangladesh,0
2218,My NID number is 9876543210,1
2219,David Miller lives in New York USA and email is john@yahoo.com,1
2220,My name is John Smith and my phone number is 01955667788,1
2221,amar nam David Miller amar phone 01712345678,1
2222,Contact me at david@gmail.com,1
2223,My NID number is 9876543210,1
2224,amar email holo david@gmail.com,1
2225,Karim Hasan lives in New York USA and email is john@yahoo.com,1
2226,amar nam Nusrat Jahan amar phone 01898765432,1
2227,My NID number is 9876543210,1
2228,I live at Chittagong Bangladesh,0
2229,ami thaki Dhaka Bangladesh,0
2230,I live at New York USA,0
2231,My NID number is 9876543210,1
2232,My NID number is 9876543210,1
2233,Rahim Ahmed lives in Chittagong Bangladesh and email is john@yahoo.com,1
2234,amar nam Karim Hasan amar phone 01712345678,1
2235,Contact me at john@yahoo.com,1
2236,amar nam Nusrat Jahan amar phone 01898765432,1
2237,My name is Karim Hasan and my phone number is 01712345678,1
2238,I live at Chittagong Bangladesh,0
2239,Contact me at rahim@gmail.com,1
2240,My NID number is 9876543210,1
2241,amar nam Rahim Ahmed amar phone 01898765432,1
2242,I live at Chittagong Bangladesh,0
2243,ami thaki Dhaka Bangladesh,0
2244,My NID number is 9876543210,1
2245,Contact me at rahim@gmail.com,1
2246,amar nam Nusrat Jahan amar phone 01712345678,1
2247,amar email holo david@gmail.com,1
2248,Contact me at john@yahoo.com,1
2249,My NID number is 1234567890,1
2250,amar nam Karim Hasan amar phone 01712345678,1
2251,I live at New York USA,0
2252,I live at Dhaka Bangladesh,0
2253,My NID number is 9876543210,1
2254,amar email holo rahim@gmail.com,1
2255,amar nam David Miller amar phone 01898765432,1
2256,amar email holo david@gmail.com,1
2257,amar nam David Miller amar phone 01712345678,1
2258,David Miller lives in Dhaka Bangladesh and email is john@yahoo.com,1
2259,amar email holo rahim@gmail.com,1
2260,amar nam John Smith amar phone 01955667788,1
2261,amar email holo david@gmail.com,1
2262,My name is David Miller and my phone number is 01898765432,1
2263,My NID number is 9876543210,1
2264,ami thaki Dhaka Bangladesh,0
2265,Nusrat Jahan lives in Chittagong Bangladesh and email is rahim@gmail.com,1
2266,My name is Rahim Ahmed and my phone number is 01955667788,1
2267,amar email holo rahim@gmail.com,1
2268,amar email holo rahim@gmail.com,1
2269,My NID number is 9876543210,1
2270,amar nam Nusrat Jahan amar phone 01955667788,1
2271,amar nam John Smith amar phone 01955667788,1
2272,My NID number is 9876543210,1
2273,Contact me at rahim@gmail.com,1
2274,I live at Chittagong Bangladesh,0
2275,I live at Dhaka Bangladesh,0
2276,My NID number is 9876543210,1
2277,I live at Chittagong Bangladesh,0
2278,Nusrat Jahan lives in Dhaka Bangladesh and email is david@gmail.com,1
2279,My NID number is 1234567890,1
2280,Contact me at david@gmail.com,1
2281,ami thaki New York USA,0
2282,David Miller lives in Dhaka Bangladesh and email is john@yahoo.com,1
2283,David Miller lives in New York USA and email is john@yahoo.com,1
2284,David Miller lives in Chittagong Bangladesh and email is rahim@gmail.com,1
2285,ami thaki Dhaka Bangladesh,0
2286,amar nam Nusrat Jahan amar phone 01898765432,1
2287,amar email holo john@yahoo.com,1
2288,Nusrat Jahan lives in Dhaka Bangladesh and email is rahim@gmail.com,1
2289,amar email holo john@yahoo.com,1
2290,My NID number is 1234567890,1
2291,I live at Dhaka Bangladesh,0
2292,My name is John Smith and my phone number is 01955667788,1
2293,My NID number is 1234567890,1
2294,amar email holo rahim@gmail.com,1
2295,My NID number is 9876543210,1
2296,Contact me at john@yahoo.com,1
2297,Contact me at david@gmail.com,1
2298,amar nam David Miller amar phone 01955667788,1
2299,Contact me at john@yahoo.com,1
2300,My name is Karim Hasan and my phone number is 01712345678,1
2301,I live at Dhaka Bangladesh,0
2302,I live at Chittagong Bangladesh,0
2303,My NID number is 9876543210,1
2304,amar email holo john@yahoo.com,1
2305,My NID number is 1234567890,1
2306,My NID number is 9876543210,1
2307,I live at Dhaka Bangladesh,0
2308,My NID number is 1234567890,1
2309,My name is Nusrat Jahan and my phone number is 01898765432,1
2310,ami thaki Chittagong Bangladesh,0
2311,My name is Rahim Ahmed and my phone number is 01898765432,1
2312,ami thaki Dhaka Bangladesh,0
2313,amar email holo rahim@gmail.com,1
2314,amar email holo rahim@gmail.com,1
2315,amar nam Nusrat Jahan amar phone 01712345678,1
2316,My name is Rahim Ahmed and my phone number is 01898765432,1
2317,Rahim Ahmed lives in New York USA and email is john@yahoo.com,1
2318,Contact me at rahim@gmail.com,1
2319,amar nam David Miller amar phone 01955667788,1
2320,Contact me at david@gmail.com,1
2321,Contact me at rahim@gmail.com,1
2322,Contact me at rahim@gmail.com,1
2323,amar email holo rahim@gmail.com,1
2324,Contact me at rahim@gmail.com,1
2325,I live at Dhaka Bangladesh,0
2326,David Miller lives in Chittagong Bangladesh and email is david@gmail.com,1
2327,amar nam David Miller amar phone 01712345678,1
2328,amar email holo david@gmail.com,1
2329,ami thaki Dhaka Bangladesh,0
2330,amar email holo david@gmail.com,1
2331,I live at Chittagong Bangladesh,0
2332,amar nam Rahim Ahmed amar phone 01955667788,1
2333,amar nam Rahim Ahmed amar phone 01955667788,1
2334,Rahim Ahmed lives in New York USA and email is john@yahoo.com,1
2335,Contact me at david@gmail.com,1
2336,My NID number is 1234567890,1
2337,My name is Nusrat Jahan and my phone number is 01712345678,1
2338,amar email holo john@yahoo.com,1
2339,Rahim Ahmed lives in Dhaka Bangladesh and email is john@yahoo.com,1
2340,Rahim Ahmed lives in Chittagong Bangladesh and email is rahim@gmail.com,1
2341,My NID number is 9876543210,1
2342,amar email holo david@gmail.com,1
2343,Contact me at rahim@gmail.com,1
2344,Contact me at rahim@gmail.com,1
2345,My name is David Miller and my phone number is 01955667788,1
2346,My NID number is 9876543210,1
2347,I live at Dhaka Bangladesh,0
2348,ami thaki Dhaka Bangladesh,0
2349,Contact me at rahim@gmail.com,1
2350,Contact me at rahim@gmail.com,1
2351,John Smith lives in Dhaka Bangladesh and email is david@gmail.com,1
2352,My name is John Smith and my phone number is 01712345678,1
2353,My NID number is 9876543210,1
2354,Contact me at rahim@gmail.com,1
2355,I live at Chittagong Bangladesh,0
2356,amar nam Nusrat Jahan amar phone 01955667788,1
2357,ami thaki Dhaka Bangladesh,0
2358,My NID number is 1234567890,1
2359,My name is Rahim Ahmed and my phone number is 01712345678,1
2360,My name is John Smith and my phone number is 01955667788,1
2361,amar nam Rahim Ahmed amar phone 01898765432,1
2362,amar email holo john@yahoo.com,1
2363,John Smith lives in New York USA and email is john@yahoo.com,1
2364,John Smith lives in New York USA and email is john@yahoo.com,1
2365,amar email holo david@gmail.com,1
2366,I live at Chittagong Bangladesh,0
2367,amar nam John Smith amar phone 01712345678,1
2368,ami thaki Chittagong Bangladesh,0
2369,Nusrat Jahan lives in Chittagong Bangladesh and email is david@gmail.com,1
2370,My name is Karim Hasan and my phone number is 01898765432,1
2371,I live at New York USA,0
2372,Contact me at john@yahoo.com,1
2373,amar email holo john@yahoo.com,1
2374,Contact me at john@yahoo.com,1
2375,ami thaki New York USA,0
2376,John Smith lives in New York USA and email is david@gmail.com,1
2377,David Miller lives in Dhaka Bangladesh and email is rahim@gmail.com,1
2378,amar nam John Smith amar phone 01955667788,1
2379,amar nam Karim Hasan amar phone 01898765432,1
2380,amar nam John Smith amar phone 01955667788,1
2381,My NID number is 1234567890,1
2382,amar nam Rahim Ahmed amar phone 01955667788,1
2383,My name is David Miller and my phone number is 01898765432,1
2384,ami thaki Chittagong Bangladesh,0
2385,amar email holo david@gmail.com,1
2386,I live at New York USA,0
2387,My NID number is 1234567890,1
2388,My name is Rahim Ahmed and my phone number is 01898765432,1
2389,My name is David Miller and my phone number is 01712345678,1
2390,My NID number is 9876543210,1
2391,ami thaki New York USA,0
2392,David Miller lives in New York USA and email is john@yahoo.com,1
2393,Contact me at rahim@gmail.com,1
2394,Contact me at rahim@gmail.com,1
2395,Nusrat Jahan lives in Dhaka Bangladesh and email is john@yahoo.com,1
2396,Contact me at david@gmail.com,1
2397,I live at Chittagong Bangladesh,0
2398,Karim Hasan lives in Dhaka Bangladesh and email is rahim@gmail.com,1
2399,My NID number is 9876543210,1
2400,amar email holo david@gmail.com,1
2401,amar email holo rahim@gmail.com,1
2402,amar nam Nusrat Jahan amar phone 01898765432,1
2403,Karim Hasan lives in Dhaka Bangladesh and email is david@gmail.com,1
2404,Contact me at rahim@gmail.com,1
2405,I live at Dhaka Bangladesh,0
2406,Contact me at john@yahoo.com,1
2407,ami thaki New York USA,0
2408,Rahim Ahmed lives in Dhaka Bangladesh and email is john@yahoo.com,1
2409,My name is David Miller and my phone number is 01955667788,1
2410,amar email holo rahim@gmail.com,1
2411,My NID number is 1234567890,1
2412,My NID number is 1234567890,1
2413,amar email holo john@yahoo.com,1
2414,ami thaki Chittagong Bangladesh,0
2415,My NID number is 9876543210,1
2416,My name is Nusrat Jahan and my phone number is 01898765432,1
2417,amar nam David Miller amar phone 01712345678,1
2418,Contact me at rahim@gmail.com,1
2419,amar email holo rahim@gmail.com,1
2420,amar nam Nusrat Jahan amar phone 01898765432,1
2421,I live at Dhaka Bangladesh,0
2422,My name is Rahim Ahmed and my phone number is 01898765432,1
2423,I live at Dhaka Bangladesh,0
2424,My name is Nusrat Jahan and my phone number is 01955667788,1
2425,ami thaki New York USA,0
2426,My NID number is 9876543210,1
2427,amar email holo rahim@gmail.com,1
2428,I live at Dhaka Bangladesh,0
2429,amar nam Karim Hasan amar phone 01712345678,1
2430,My name is Nusrat Jahan and my phone number is 01898765432,1
2431,My name is John Smith and my phone number is 01955667788,1
2432,amar email holo john@yahoo.com,1
2433,Karim Hasan lives in New York USA and email is david@gmail.com,1
2434,My name is Nusrat Jahan and my phone number is 01955667788,1
2435,ami thaki Chittagong Bangladesh,0
2436,I live at Dhaka Bangladesh,0
2437,My NID number is 1234567890,1
2438,John Smith lives in Chittagong Bangladesh and email is john@yahoo.com,1
2439,My NID number is 9876543210,1
2440,My NID number is 1234567890,1
2441,My name is Karim Hasan and my phone number is 01898765432,1
2442,My name is Rahim Ahmed and my phone number is 01712345678,1
2443,Contact me at rahim@gmail.com,1
2444,My NID number is 9876543210,1
2445,My name is David Miller and my phone number is 01955667788,1
2446,amar email holo rahim@gmail.com,1
2447,Contact me at john@yahoo.com,1
2448,My NID number is 1234567890,1
2449,David Miller lives in Dhaka Bangladesh and email is john@yahoo.com,1
2450,ami thaki Chittagong Bangladesh,0
2451,My NID number is 1234567890,1
2452,amar email holo rahim@gmail.com,1
2453,My name is Rahim Ahmed and my phone number is 01955667788,1
2454,Karim Hasan lives in New York USA and email is david@gmail.com,1
2455,Contact me at john@yahoo.com,1
2456,My NID number is 1234567890,1
2457,amar email holo john@yahoo.com,1
2458,My NID number is 1234567890,1
2459,My name is Rahim Ahmed and my phone number is 01712345678,1
2460,Nusrat Jahan lives in New York USA and email is john@yahoo.com,1
2461,amar email holo john@yahoo.com,1
2462,My name is John Smith and my phone number is 01955667788,1
2463,My NID number is 9876543210,1
2464,Contact me at david@gmail.com,1
2465,amar nam Nusrat Jahan amar phone 01898765432,1
2466,My name is David Miller and my phone number is 01712345678,1
2467,I live at Dhaka Bangladesh,0
2468,amar email holo david@gmail.com,1
2469,ami thaki Dhaka Bangladesh,0
2470,Contact me at david@gmail.com,1
2471,Contact me at rahim@gmail.com,1
2472,My name is Nusrat Jahan and my phone number is 01955667788,1
2473,My NID number is 9876543210,1
2474,My NID number is 9876543210,1
2475,John Smith lives in Chittagong Bangladesh and email is david@gmail.com,1
2476,amar email holo rahim@gmail.com,1
2477,I live at Dhaka Bangladesh,0
2478,Contact me at john@yahoo.com,1
2479,My name is David Miller and my phone number is 01712345678,1
2480,amar email holo rahim@gmail.com,1
2481,Nusrat Jahan lives in Dhaka Bangladesh and email is john@yahoo.com,1
2482,I live at Chittagong Bangladesh,0
2483,I live at New York USA,0
2484,David Miller lives in Chittagong Bangladesh and email is david@gmail.com,1
2485,John Smith lives in Dhaka Bangladesh and email is rahim@gmail.com,1
2486,I live at New York USA,0
2487,I live at Dhaka Bangladesh,0
2488,amar nam Rahim Ahmed amar phone 01712345678,1
2489,My NID number is 1234567890,1
2490,Contact me at david@gmail.com,1
2491,John Smith lives in New York USA and email is rahim@gmail.com,1
2492,Nusrat Jahan lives in Chittagong Bangladesh and email is david@gmail.com,1
2493,My name is Rahim Ahmed and my phone number is 01898765432,1
2494,My name is Karim Hasan and my phone number is 01955667788,1
2495,John Smith lives in New York USA and email is rahim@gmail.com,1
2496,ami thaki New York USA,0
2497,amar email holo rahim@gmail.com,1
2498,amar nam Rahim Ahmed amar phone 01712345678,1
2499,I live at Dhaka Bangladesh,0
2500,amar email holo john@yahoo.com,1
2501,I live at New York USA,0
2502,I live at New York USA,0
2503,I live at Chittagong Bangladesh,0
2504,amar email holo john@yahoo.com,1
2505,amar email holo john@yahoo.com,1
2506,My NID number is 1234567890,1
2507,My NID number is 1234567890,1
2508,ami thaki Dhaka Bangladesh,0
2509,amar nam Nusrat Jahan amar phone 01955667788,1
2510,John Smith lives in Chittagong Bangladesh and email is john@yahoo.com,1
2511,My NID number is 9876543210,1
2512,amar email holo john@yahoo.com,1
2513,I live at Chittagong Bangladesh,0
2514,My NID number is 1234567890,1
2515,I live at Dhaka Bangladesh,0
2516,My NID number is 1234567890,1
2517,amar nam John Smith amar phone 01898765432,1
2518,Contact me at john@yahoo.com,1
2519,Contact me at rahim@gmail.com,1
2520,amar nam Karim Hasan amar phone 01712345678,1
2521,I live at Chittagong Bangladesh,0
2522,amar email holo rahim@gmail.com,1
2523,My NID number is 1234567890,1
2524,Contact me at rahim@gmail.com,1
2525,My name is David Miller and my phone number is 01898765432,1
2526,amar email holo david@gmail.com,1
2527,Nusrat Jahan lives in New York USA and email is david@gmail.com,1
2528,I live at Dhaka Bangladesh,0
2529,My name is Karim Hasan and my phone number is 01712345678,1
2530,amar nam Rahim Ahmed amar phone 01955667788,1
2531,My NID number is 9876543210,1
2532,amar email holo john@yahoo.com,1
2533,amar email holo david@gmail.com,1
2534,amar nam Rahim Ahmed amar phone 01898765432,1
2535,Rahim Ahmed lives in New York USA and email is john@yahoo.com,1
2536,My name is Nusrat Jahan and my phone number is 01712345678,1
2537,My NID number is 9876543210,1
2538,I live at New York USA,0
2539,My name is David Miller and my phone number is 01898765432,1
2540,My name is David Miller and my phone number is 01955667788,1
2541,Contact me at john@yahoo.com,1
2542,amar nam Nusrat Jahan amar phone 01898765432,1
2543,My name is David Miller and my phone number is 01712345678,1
2544,amar email holo john@yahoo.com,1
2545,ami thaki Dhaka Bangladesh,0
2546,My NID number is 9876543210,1
2547,ami thaki Dhaka Bangladesh,0
2548,My NID number is 1234567890,1
2549,David Miller lives in New York USA and email is david@gmail.com,1
2550,ami thaki New York USA,0
2551,John Smith lives in Chittagong Bangladesh and email is john@yahoo.com,1
2552,I live at Dhaka Bangladesh,0
2553,ami thaki New York USA,0
2554,John Smith lives in Chittagong Bangladesh and email is john@yahoo.com,1
2555,amar email holo john@yahoo.com,1
2556,My NID number is 1234567890,1
2557,I live at Dhaka Bangladesh,0
2558,David Miller lives in Dhaka Bangladesh and email is rahim@gmail.com,1
2559,amar email holo john@yahoo.com,1
2560,John Smith lives in New York USA and email is john@yahoo.com,1
2561,Nusrat Jahan lives in New York USA and email is david@gmail.com,1
2562,amar nam Nusrat Jahan amar phone 01955667788,1
2563,Karim Hasan lives in New York USA and email is david@gmail.com,1
2564,ami thaki Chittagong Bangladesh,0
2565,My name is Rahim Ahmed and my phone number is 01712345678,1
2566,My NID number is 9876543210,1
2567,amar nam David Miller amar phone 01955667788,1
2568,My name is Rahim Ahmed and my phone number is 01955667788,1
2569,amar email holo david@gmail.com,1
2570,amar nam David Miller amar phone 01712345678,1
2571,My NID number is 1234567890,1
2572,My NID number is 1234567890,1
2573,Contact me at david@gmail.com,1
2574,Contact me at john@yahoo.com,1
2575,amar email holo rahim@gmail.com,1
2576,Contact me at rahim@gmail.com,1
2577,Contact me at david@gmail.com,1
2578,I live at New York USA,0
2579,ami thaki New York USA,0
2580,ami thaki Chittagong Bangladesh,0
2581,David Miller lives in Chittagong Bangladesh and email is david@gmail.com,1
2582,ami thaki New York USA,0
2583,Nusrat Jahan lives in Chittagong Bangladesh and email is rahim@gmail.com,1
2584,amar nam Karim Hasan amar phone 01955667788,1
2585,My name is Rahim Ahmed and my phone number is 01898765432,1
2586,David Miller lives in Chittagong Bangladesh and email is rahim@gmail.com,1
2587,I live at New York USA,0
2588,My NID number is 9876543210,1
2589,amar nam David Miller amar phone 01955667788,1
2590,I live at Chittagong Bangladesh,0
2591,I live at Dhaka Bangladesh,0
2592,My name is Nusrat Jahan and my phone number is 01955667788,1
2593,Contact me at rahim@gmail.com,1
2594,amar nam Nusrat Jahan amar phone 01712345678,1
2595,I live at New York USA,0
2596,amar email holo david@gmail.com,1
2597,I live at Dhaka Bangladesh,0
2598,amar nam John Smith amar phone 01955667788,1
2599,ami thaki New York USA,0
2600,My NID number is 1234567890,1
2601,Contact me at john@yahoo.com,1
2602,Contact me at david@gmail.com,1
2603,Contact me at david@gmail.com,1
2604,Karim Hasan lives in Dhaka Bangladesh and email is david@gmail.com,1
2605,Contact me at rahim@gmail.com,1
2606,My NID number is 9876543210,1
2607,Contact me at david@gmail.com,1
2608,Contact me at rahim@gmail.com,1
2609,Contact me at rahim@gmail.com,1
2610,I live at New York USA,0
2611,amar nam Rahim Ahmed amar phone 01898765432,1
2612,My name is David Miller and my phone number is 01955667788,1
2613,I live at New York USA,0
2614,My NID number is 9876543210,1
2615,ami thaki Dhaka Bangladesh,0
2616,Karim Hasan lives in New York USA and email is david@gmail.com,1
2617,I live at Chittagong Bangladesh,0
2618,amar email holo john@yahoo.com,1
2619,My NID number is 9876543210,1
2620,Rahim Ahmed lives in Chittagong Bangladesh and email is rahim@gmail.com,1
2621,My NID number is 9876543210,1
2622,My name is Nusrat Jahan and my phone number is 01955667788,1
2623,Rahim Ahmed lives in New York USA and email is david@gmail.com,1
2624,amar email holo rahim@gmail.com,1
2625,My name is John Smith and my phone number is 01955667788,1
2626,amar email holo rahim@gmail.com,1
2627,Contact me at david@gmail.com,1
2628,amar email holo rahim@gmail.com,1
2629,My name is David Miller and my phone number is 01712345678,1
2630,My name is Rahim Ahmed and my phone number is 01898765432,1
2631,Contact me at john@yahoo.com,1
2632,My name is David Miller and my phone number is 01898765432,1
2633,Karim Hasan lives in New York USA and email is david@gmail.com,1
2634,Rahim Ahmed lives in Dhaka Bangladesh and email is rahim@gmail.com,1
2635,Rahim Ahmed lives in New York USA and email is david@gmail.com,1
2636,My name is Rahim Ahmed and my phone number is 01712345678,1
2637,Contact me at rahim@gmail.com,1
2638,amar nam Nusrat Jahan amar phone 01955667788,1
2639,I live at Chittagong Bangladesh,0
2640,My NID number is 9876543210,1
2641,amar email holo david@gmail.com,1
2642,ami thaki Chittagong Bangladesh,0
2643,My name is John Smith and my phone number is 01712345678,1
2644,My name is Nusrat Jahan and my phone number is 01712345678,1
2645,My name is Nusrat Jahan and my phone number is 01955667788,1
2646,Contact me at rahim@gmail.com,1
2647,ami thaki Dhaka Bangladesh,0
2648,Contact me at john@yahoo.com,1
2649,amar nam John Smith amar phone 01898765432,1
2650,amar email holo john@yahoo.com,1
2651,amar nam David Miller amar phone 01712345678,1
2652,amar nam John Smith amar phone 01712345678,1
2653,John Smith lives in New York USA and email is rahim@gmail.com,1
2654,amar email holo david@gmail.com,1
2655,Rahim Ahmed lives in New York USA and email is david@gmail.com,1
2656,ami thaki New York USA,0
2657,My name is Nusrat Jahan and my phone number is 01712345678,1
2658,Contact me at david@gmail.com,1
2659,amar nam John Smith amar phone 01955667788,1
2660,My NID number is 9876543210,1
2661,amar nam Nusrat Jahan amar phone 01712345678,1
2662,My NID number is 1234567890,1
2663,I live at Chittagong Bangladesh,0
2664,Contact me at john@yahoo.com,1
2665,amar email holo rahim@gmail.com,1
2666,amar nam Nusrat Jahan amar phone 01898765432,1
2667,ami thaki Dhaka Bangladesh,0
2668,amar nam Karim Hasan amar phone 01712345678,1
2669,amar nam John Smith amar phone 01955667788,1
2670,My NID number is 1234567890,1
2671,Contact me at john@yahoo.com,1
2672,Nusrat Jahan lives in Chittagong Bangladesh and email is david@gmail.com,1
2673,ami thaki Dhaka Bangladesh,0
2674,My NID number is 1234567890,1
2675,My name is Rahim Ahmed and my phone number is 01898765432,1
2676,Karim Hasan lives in Dhaka Bangladesh and email is rahim@gmail.com,1
2677,I live at Chittagong Bangladesh,0
2678,My NID number is 9876543210,1
2679,amar email holo david@gmail.com,1
2680,My NID number is 9876543210,1
2681,My name is John Smith and my phone number is 01898765432,1
2682,amar nam John Smith amar phone 01712345678,1
2683,amar email holo john@yahoo.com,1
2684,amar nam Nusrat Jahan amar phone 01898765432,1
2685,My name is John Smith and my phone number is 01898765432,1
2686,amar nam David Miller amar phone 01955667788,1
2687,amar nam Nusrat Jahan amar phone 01898765432,1
2688,My name is David Miller and my phone number is 01712345678,1
2689,David Miller lives in Dhaka Bangladesh and email is rahim@gmail.com,1
2690,amar nam Rahim Ahmed amar phone 01712345678,1
2691,I live at New York USA,0
2692,I live at New York USA,0
2693,amar nam John Smith amar phone 01955667788,1
2694,My name is David Miller and my phone number is 01712345678,1
2695,I live at New York USA,0
2696,amar nam Rahim Ahmed amar phone 01712345678,1
2697,amar nam Nusrat Jahan amar phone 01712345678,1
2698,John Smith lives in New York USA and email is rahim@gmail.com,1
2699,David Miller lives in Chittagong Bangladesh and email is david@gmail.com,1
2700,amar email holo david@gmail.com,1
2701,My NID number is 1234567890,1
2702,John Smith lives in New York USA and email is david@gmail.com,1
2703,Karim Hasan lives in New York USA and email is david@gmail.com,1
2704,I live at Dhaka Bangladesh,0
2705,amar email holo john@yahoo.com,1
2706,amar nam David Miller amar phone 01712345678,1
2707,My name is Karim Hasan and my phone number is 01712345678,1
2708,John Smith lives in Chittagong Bangladesh and email is john@yahoo.com,1
2709,I live at Dhaka Bangladesh,0
2710,I live at Chittagong Bangladesh,0
2711,My NID number is 9876543210,1
2712,amar nam David Miller amar phone 01712345678,1
2713,I live at Dhaka Bangladesh,0
2714,Karim Hasan lives in Dhaka Bangladesh and email is john@yahoo.com,1
2715,I live at Dhaka Bangladesh,0
2716,Rahim Ahmed lives in Chittagong Bangladesh and email is john@yahoo.com,1
2717,Rahim Ahmed lives in New York USA and email is david@gmail.com,1
2718,amar nam Karim Hasan amar phone 01955667788,1
2719,Nusrat Jahan lives in Dhaka Bangladesh and email is rahim@gmail.com,1
2720,Contact me at david@gmail.com,1
2721,ami thaki Chittagong Bangladesh,0
2722,Contact me at david@gmail.com,1
2723,My name is Karim Hasan and my phone number is 01955667788,1
2724,amar email holo rahim@gmail.com,1
2725,amar email holo rahim@gmail.com,1
2726,amar email holo john@yahoo.com,1
2727,amar email holo david@gmail.com,1
2728,I live at Chittagong Bangladesh,0
2729,Contact me at rahim@gmail.com,1
2730,amar email holo rahim@gmail.com,1
2731,My name is Karim Hasan and my phone number is 01955667788,1
2732,ami thaki Dhaka Bangladesh,0
2733,My name is Karim Hasan and my phone number is 01955667788,1
2734,My NID number is 9876543210,1
2735,ami thaki New York USA,0
2736,ami thaki Dhaka Bangladesh,0
2737,Contact me at john@yahoo.com,1
2738,I live at Dhaka Bangladesh,0
2739,amar email holo rahim@gmail.com,1
2740,Nusrat Jahan lives in Chittagong Bangladesh and email is rahim@gmail.com,1
2741,ami thaki Chittagong Bangladesh,0
2742,Karim Hasan lives in Dhaka Bangladesh and email is david@gmail.com,1
2743,amar nam Nusrat Jahan amar phone 01712345678,1
2744,I live at New York USA,0
2745,My NID number is 1234567890,1
2746,My name is Karim Hasan and my phone number is 01898765432,1
2747,amar email holo rahim@gmail.com,1
2748,I live at New York USA,0
2749,My name is John Smith and my phone number is 01898765432,1
2750,I live at Dhaka Bangladesh,0
2751,amar email holo john@yahoo.com,1
2752,I live at Dhaka Bangladesh,0
2753,My NID number is 9876543210,1
2754,My NID number is 1234567890,1
2755,amar email holo john@yahoo.com,1
2756,My NID number is 9876543210,1
2757,ami thaki Dhaka Bangladesh,0
2758,I live at Dhaka Bangladesh,0
2759,Contact me at david@gmail.com,1
2760,I live at Chittagong Bangladesh,0
2761,My name is Karim Hasan and my phone number is 01955667788,1
2762,amar nam David Miller amar phone 01898765432,1
2763,amar nam John Smith amar phone 01955667788,1
2764,ami thaki Chittagong Bangladesh,0
2765,ami thaki Dhaka Bangladesh,0
2766,amar nam Rahim Ahmed amar phone 01712345678,1
2767,ami thaki Dhaka Bangladesh,0
2768,My name is Karim Hasan and my phone number is 01955667788,1
2769,amar email holo rahim@gmail.com,1
2770,amar email holo david@gmail.com,1
2771,Karim Hasan lives in Dhaka Bangladesh and email is john@yahoo.com,1
2772,My name is John Smith and my phone number is 01712345678,1
2773,My name is Karim Hasan and my phone number is 01712345678,1
2774,amar email holo john@yahoo.com,1
2775,I live at Dhaka Bangladesh,0
2776,Contact me at rahim@gmail.com,1
2777,amar nam Rahim Ahmed amar phone 01898765432,1
2778,amar nam David Miller amar phone 01955667788,1
2779,My NID number is 1234567890,1
2780,I live at Dhaka Bangladesh,0
2781,My NID number is 9876543210,1
2782,David Miller lives in Dhaka Bangladesh and email is john@yahoo.com,1
2783,amar nam Nusrat Jahan amar phone 01898765432,1
2784,My name is Karim Hasan and my phone number is 01712345678,1
2785,ami thaki Chittagong Bangladesh,0
2786,amar nam Karim Hasan amar phone 01955667788,1
2787,John Smith lives in New York USA and email is rahim@gmail.com,1
2788,Contact me at rahim@gmail.com,1
2789,Contact me at david@gmail.com,1
2790,ami thaki New York USA,0
2791,amar email holo david@gmail.com,1
2792,My NID number is 9876543210,1
2793,My name is Karim Hasan and my phone number is 01712345678,1
2794,Contact me at john@yahoo.com,1
2795,My NID number is 9876543210,1
2796,My name is Karim Hasan and my phone number is 01898765432,1
2797,My NID number is 9876543210,1
2798,Rahim Ahmed lives in Chittagong Bangladesh and email is rahim@gmail.com,1
2799,My NID number is 9876543210,1
2800,Contact me at david@gmail.com,1
2801,ami thaki Chittagong Bangladesh,0
2802,amar nam Karim Hasan amar phone 01712345678,1
2803,John Smith lives in Dhaka Bangladesh and email is john@yahoo.com,1
2804,Karim Hasan lives in New York USA and email is rahim@gmail.com,1
2805,amar email holo david@gmail.com,1
2806,Contact me at rahim@gmail.com,1
2807,Karim Hasan lives in Dhaka Bangladesh and email is rahim@gmail.com,1
2808,amar nam John Smith amar phone 01712345678,1
2809,amar email holo rahim@gmail.com,1
2810,I live at Chittagong Bangladesh,0
2811,ami thaki New York USA,0
2812,ami thaki Dhaka Bangladesh,0
2813,I live at New York USA,0
2814,I live at New York USA,0
2815,Rahim Ahmed lives in Chittagong Bangladesh and email is david@gmail.com,1
2816,amar email holo david@gmail.com,1
2817,I live at New York USA,0
2818,John Smith lives in New York USA and email is david@gmail.com,1
2819,Contact me at david@gmail.com,1
2820,ami thaki Dhaka Bangladesh,0
2821,My NID number is 1234567890,1
2822,Contact me at david@gmail.com,1
2823,ami thaki Chittagong Bangladesh,0
2824,I live at Chittagong Bangladesh,0
2825,My name is Nusrat Jahan and my phone number is 01898765432,1
2826,My name is Nusrat Jahan and my phone number is 01712345678,1
2827,I live at Dhaka Bangladesh,0
2828,Contact me at rahim@gmail.com,1
2829,My name is Karim Hasan and my phone number is 01898765432,1
2830,amar nam John Smith amar phone 01955667788,1
2831,My NID number is 9876543210,1
2832,amar email holo rahim@gmail.com,1
2833,My name is Rahim Ahmed and my phone number is 01955667788,1
2834,amar nam Karim Hasan amar phone 01955667788,1
2835,ami thaki Chittagong Bangladesh,0
2836,amar nam John Smith amar phone 01712345678,1
2837,My NID number is 1234567890,1
2838,amar email holo david@gmail.com,1
2839,amar email holo john@yahoo.com,1
2840,John Smith lives in Chittagong Bangladesh and email is john@yahoo.com,1
2841,amar nam Karim Hasan amar phone 01712345678,1
2842,My name is David Miller and my phone number is 01955667788,1
2843,Contact me at john@yahoo.com,1
2844,Nusrat Jahan lives in Dhaka Bangladesh and email is rahim@gmail.com,1
2845,amar nam Karim Hasan amar phone 01955667788,1
2846,My name is Rahim Ahmed and my phone number is 01955667788,1
2847,ami thaki Dhaka Bangladesh,0
2848,My NID number is 9876543210,1
2849,David Miller lives in Dhaka Bangladesh and email is david@gmail.com,1
2850,Contact me at david@gmail.com,1
2851,I live at New York USA,0
2852,amar email holo rahim@gmail.com,1
2853,ami thaki New York USA,0
2854,I live at Dhaka Bangladesh,0
2855,My name is Nusrat Jahan and my phone number is 01712345678,1
2856,amar nam John Smith amar phone 01898765432,1
2857,ami thaki Chittagong Bangladesh,0
2858,My name is Nusrat Jahan and my phone number is 01712345678,1
2859,John Smith lives in New York USA and email is rahim@gmail.com,1
2860,My name is David Miller and my phone number is 01955667788,1
2861,Contact me at rahim@gmail.com,1
2862,My NID number is 1234567890,1
2863,ami thaki Chittagong Bangladesh,0
2864,amar nam Rahim Ahmed amar phone 01955667788,1
2865,ami thaki New York USA,0
2866,Contact me at john@yahoo.com,1
2867,I live at Chittagong Bangladesh,0
2868,amar email holo john@yahoo.com,1
2869,Contact me at john@yahoo.com,1
2870,Contact me at david@gmail.com,1
2871,Karim Hasan lives in Dhaka Bangladesh and email is david@gmail.com,1
2872,Karim Hasan lives in Chittagong Bangladesh and email is david@gmail.com,1
2873,ami thaki Dhaka Bangladesh,0
2874,ami thaki Dhaka Bangladesh,0
2875,amar email holo rahim@gmail.com,1
2876,My name is Karim Hasan and my phone number is 01712345678,1
2877,amar email holo rahim@gmail.com,1
2878,Contact me at david@gmail.com,1
2879,amar email holo david@gmail.com,1
2880,ami thaki New York USA,0
2881,My NID number is 1234567890,1
2882,ami thaki New York USA,0
2883,ami thaki New York USA,0
2884,amar email holo john@yahoo.com,1
2885,Contact me at john@yahoo.com,1
2886,My name is Rahim Ahmed and my phone number is 01955667788,1
2887,ami thaki Chittagong Bangladesh,0
2888,I live at Dhaka Bangladesh,0
2889,I live at Chittagong Bangladesh,0
2890,ami thaki Chittagong Bangladesh,0
2891,amar nam Rahim Ahmed amar phone 01955667788,1
2892,Contact me at rahim@gmail.com,1
2893,Rahim Ahmed lives in Dhaka Bangladesh and email is rahim@gmail.com,1
2894,John Smith lives in Dhaka Bangladesh and email is rahim@gmail.com,1
2895,ami thaki Dhaka Bangladesh,0
2896,amar email holo rahim@gmail.com,1
2897,Nusrat Jahan lives in Chittagong Bangladesh and email is rahim@gmail.com,1
2898,My NID number is 9876543210,1
2899,My name is Nusrat Jahan and my phone number is 01712345678,1
2900,My name is Rahim Ahmed and my phone number is 01712345678,1
2901,amar email holo rahim@gmail.com,1
2902,ami thaki Dhaka Bangladesh,0
2903,I live at Dhaka Bangladesh,0
2904,I live at New York USA,0
2905,amar nam Karim Hasan amar phone 01712345678,1
2906,David Miller lives in Chittagong Bangladesh and email is rahim@gmail.com,1
2907,ami thaki New York USA,0
2908,I live at New York USA,0
2909,Contact me at david@gmail.com,1
2910,amar nam David Miller amar phone 01712345678,1
2911,amar nam Karim Hasan amar phone 01712345678,1
2912,amar email holo david@gmail.com,1
2913,David Miller lives in New York USA and email is john@yahoo.com,1
2914,Nusrat Jahan lives in Chittagong Bangladesh and email is rahim@gmail.com,1
2915,amar nam Rahim Ahmed amar phone 01712345678,1
2916,ami thaki Dhaka Bangladesh,0
2917,I live at Dhaka Bangladesh,0
2918,Nusrat Jahan lives in Dhaka Bangladesh and email is john@yahoo.com,1
2919,amar email holo john@yahoo.com,1
2920,amar nam Karim Hasan amar phone 01898765432,1
2921,amar nam John Smith amar phone 01955667788,1
2922,amar nam John Smith amar phone 01955667788,1
2923,My name is Rahim Ahmed and my phone number is 01712345678,1
2924,I live at New York USA,0
2925,My name is John Smith and my phone number is 01955667788,1
2926,My name is Karim Hasan and my phone number is 01955667788,1
2927,I live at Dhaka Bangladesh,0
2928,Contact me at rahim@gmail.com,1
2929,amar nam John Smith amar phone 01712345678,1
2930,My name is David Miller and my phone number is 01898765432,1
2931,I live at New York USA,0
2932,amar email holo david@gmail.com,1
2933,Contact me at rahim@gmail.com,1
2934,amar email holo rahim@gmail.com,1
2935,ami thaki Dhaka Bangladesh,0
2936,Contact me at john@yahoo.com,1
2937,Karim Hasan lives in New York USA and email is john@yahoo.com,1
2938,Karim Hasan lives in Chittagong Bangladesh and email is john@yahoo.com,1
2939,My name is David Miller and my phone number is 01955667788,1
2940,I live at Chittagong Bangladesh,0
2941,ami thaki New York USA,0
2942,amar email holo david@gmail.com,1
2943,Rahim Ahmed lives in Chittagong Bangladesh and email is david@gmail.com,1
2944,I live at Dhaka Bangladesh,0
2945,Contact me at david@gmail.com,1
2946,ami thaki Chittagong Bangladesh,0
2947,I live at Chittagong Bangladesh,0
2948,My name is Rahim Ahmed and my phone number is 01712345678,1
2949,Contact me at john@yahoo.com,1
2950,amar email holo david@gmail.com,1
2951,Nusrat Jahan lives in Chittagong Bangladesh and email is rahim@gmail.com,1
2952,My name is Nusrat Jahan and my phone number is 01712345678,1
2953,ami thaki New York USA,0
2954,Rahim Ahmed lives in Dhaka Bangladesh and email is david@gmail.com,1
2955,My NID number is 9876543210,1
2956,amar email holo rahim@gmail.com,1
2957,amar email holo rahim@gmail.com,1
2958,My name is John Smith and my phone number is 01712345678,1
2959,I live at Dhaka Bangladesh,0
2960,Contact me at rahim@gmail.com,1
2961,My name is David Miller and my phone number is 01712345678,1
2962,Contact me at john@yahoo.com,1
2963,Contact me at rahim@gmail.com,1
2964,Contact me at david@gmail.com,1
2965,My name is Karim Hasan and my phone number is 01955667788,1
2966,Rahim Ahmed lives in Chittagong Bangladesh and email is rahim@gmail.com,1
2967,amar email holo rahim@gmail.com,1
2968,ami thaki Dhaka Bangladesh,0
2969,amar email holo john@yahoo.com,1
2970,amar nam David Miller amar phone 01898765432,1
2971,Karim Hasan lives in Chittagong Bangladesh and email is david@gmail.com,1
2972,My NID number is 9876543210,1
2973,I live at New York USA,0
2974,Contact me at john@yahoo.com,1
2975,My name is Nusrat Jahan and my phone number is 01955667788,1
2976,amar email holo rahim@gmail.com,1
2977,amar email holo rahim@gmail.com,1
2978,I live at Dhaka Bangladesh,0
2979,ami thaki Dhaka Bangladesh,0
2980,ami thaki New York USA,0
2981,amar nam David Miller amar phone 01955667788,1
2982,amar email holo rahim@gmail.com,1
2983,amar nam John Smith amar phone 01712345678,1
2984,David Miller lives in New York USA and email is john@yahoo.com,1
2985,amar email holo david@gmail.com,1
2986,amar email holo rahim@gmail.com,1
2987,I live at Chittagong Bangladesh,0
2988,amar email holo john@yahoo.com,1
2989,My name is John Smith and my phone number is 01955667788,1
2990,I live at Chittagong Bangladesh,0
2991,I live at Dhaka Bangladesh,0
2992,My NID number is 1234567890,1
2993,My NID number is 1234567890,1
2994,Contact me at rahim@gmail.com,1
2995,ami thaki Dhaka Bangladesh,0
2996,Contact me at david@gmail.com,1
2997,amar nam Nusrat Jahan amar phone 01712345678,1
2998,amar nam Karim Hasan amar phone 01955667788,1
2999,amar nam David Miller amar phone 01712345678,1
3000,amar nam Rahim Ahmed amar phone 01712345678,1
3001,ami thaki New York USA,0
3002,Rahim Ahmed lives in Dhaka Bangladesh and email is david@gmail.com,1
3003,ami thaki New York USA,0
3004,ami thaki Dhaka Bangladesh,0
3005,ami thaki New York USA,0
3006,Contact me at rahim@gmail.com,1
3007,My NID number is 1234567890,1
3008,David Miller lives in Dhaka Bangladesh and email is david@gmail.com,1
3009,I live at New York USA,0
3010,Rahim Ahmed lives in Dhaka Bangladesh and email is john@yahoo.com,1
3011,My name is Nusrat Jahan and my phone number is 01955667788,1
3012,Contact me at rahim@gmail.com,1
3013,My name is Rahim Ahmed and my phone number is 01712345678,1
3014,I live at Chittagong Bangladesh,0
3015,My name is John Smith and my phone number is 01712345678,1
3016,My NID number is 1234567890,1
3017,amar email holo david@gmail.com,1
3018,ami thaki Dhaka Bangladesh,0
3019,Rahim Ahmed lives in Dhaka Bangladesh and email is david@gmail.com,1
3020,My name is Karim Hasan and my phone number is 01955667788,1
3021,ami thaki Dhaka Bangladesh,0
3022,Contact me at rahim@gmail.com,1
3023,My NID number is 9876543210,1
3024,My name is John Smith and my phone number is 01712345678,1
3025,My name is Karim Hasan and my phone number is 01712345678,1
3026,amar email holo john@yahoo.com,1
3027,I live at New York USA,0
3028,Contact me at john@yahoo.com,1
3029,ami thaki New York USA,0
3030,My NID number is 1234567890,1
3031,Contact me at david@gmail.com,1
3032,My name is David Miller and my phone number is 01712345678,1
3033,I live at New York USA,0
3034,My NID number is 9876543210,1
3035,amar nam Karim Hasan amar phone 01898765432,1
3036,My name is Rahim Ahmed and my phone number is 01955667788,1
3037,My name is John Smith and my phone number is 01955667788,1
3038,My name is Nusrat Jahan and my phone number is 01712345678,1
3039,I live at Dhaka Bangladesh,0
3040,I live at Chittagong Bangladesh,0
3041,amar email holo rahim@gmail.com,1
3042,Contact me at john@yahoo.com,1
3043,My NID number is 9876543210,1
3044,My NID number is 1234567890,1
3045,amar nam John Smith amar phone 01712345678,1
3046,David Miller lives in Dhaka Bangladesh and email is david@gmail.com,1
3047,My NID number is 9876543210,1
3048,Nusrat Jahan lives in Chittagong Bangladesh and email is david@gmail.com,1
3049,amar email holo rahim@gmail.com,1
3050,amar email holo rahim@gmail.com,1
3051,amar nam Rahim Ahmed amar phone 01712345678,1
3052,ami thaki New York USA,0
3053,Nusrat Jahan lives in Dhaka Bangladesh and email is john@yahoo.com,1
3054,My name is Nusrat Jahan and my phone number is 01955667788,1
3055,Contact me at david@gmail.com,1
3056,My NID number is 9876543210,1
3057,I live at Chittagong Bangladesh,0
3058,Contact me at david@gmail.com,1
3059,ami thaki Chittagong Bangladesh,0
3060,ami thaki Chittagong Bangladesh,0
3061,My NID number is 1234567890,1
3062,My NID number is 1234567890,1
3063,amar nam Karim Hasan amar phone 01898765432,1
3064,ami thaki New York USA,0
3065,amar nam Karim Hasan amar phone 01898765432,1
3066,My NID number is 9876543210,1
3067,amar nam David Miller amar phone 01898765432,1
3068,My NID number is 1234567890,1
3069,amar email holo david@gmail.com,1
3070,amar nam Rahim Ahmed amar phone 01712345678,1
3071,Karim Hasan lives in Chittagong Bangladesh and email is john@yahoo.com,1
3072,amar email holo rahim@gmail.com,1
3073,amar email holo rahim@gmail.com,1
3074,I live at Dhaka Bangladesh,0
3075,amar email holo john@yahoo.com,1
3076,John Smith lives in Chittagong Bangladesh and email is david@gmail.com,1
3077,amar email holo david@gmail.com,1
3078,I live at Chittagong Bangladesh,0
3079,ami thaki New York USA,0
3080,amar email holo rahim@gmail.com,1
3081,amar email holo rahim@gmail.com,1
3082,Contact me at david@gmail.com,1
3083,amar nam Nusrat Jahan amar phone 01898765432,1
3084,My NID number is 9876543210,1
3085,David Miller lives in Dhaka Bangladesh and email is john@yahoo.com,1
3086,My NID number is 9876543210,1
3087,My name is John Smith and my phone number is 01955667788,1
3088,My NID number is 9876543210,1
3089,My NID number is 1234567890,1
3090,Contact me at david@gmail.com,1
3091,I live at New York USA,0
3092,amar nam Karim Hasan amar phone 01712345678,1
3093,amar email holo david@gmail.com,1
3094,My NID number is 1234567890,1
3095,amar email holo rahim@gmail.com,1
3096,amar email holo david@gmail.com,1
3097,I live at Chittagong Bangladesh,0
3098,I live at Chittagong Bangladesh,0
3099,amar email holo rahim@gmail.com,1
3100,amar nam John Smith amar phone 01712345678,1
3101,Contact me at david@gmail.com,1
3102,ami thaki Dhaka Bangladesh,0
3103,My NID number is 9876543210,1
3104,My NID number is 1234567890,1
3105,ami thaki Dhaka Bangladesh,0
3106,amar email holo rahim@gmail.com,1
3107,ami thaki Chittagong Bangladesh,0
3108,I live at Chittagong Bangladesh,0
3109,ami thaki New York USA,0
3110,I live at Dhaka Bangladesh,0
3111,John Smith lives in New York USA and email is john@yahoo.com,1
3112,Contact me at rahim@gmail.com,1
3113,My NID number is 1234567890,1
3114,My NID number is 1234567890,1
3115,My name is Rahim Ahmed and my phone number is 01955667788,1
3116,My name is Nusrat Jahan and my phone number is 01955667788,1
3117,David Miller lives in New York USA and email is david@gmail.com,1
3118,amar nam Rahim Ahmed amar phone 01898765432,1
3119,My name is Rahim Ahmed and my phone number is 01712345678,1
3120,ami thaki Chittagong Bangladesh,0
3121,My name is John Smith and my phone number is 01955667788,1
3122,ami thaki Dhaka Bangladesh,0
3123,My name is Nusrat Jahan and my phone number is 01955667788,1
3124,I live at Chittagong Bangladesh,0
3125,My NID number is 1234567890,1
3126,amar email holo john@yahoo.com,1
3127,ami thaki New York USA,0
3128,amar email holo david@gmail.com,1
3129,ami thaki Chittagong Bangladesh,0
3130,amar nam David Miller amar phone 01898765432,1
3131,Contact me at john@yahoo.com,1
3132,My name is Rahim Ahmed and my phone number is 01712345678,1
3133,Contact me at david@gmail.com,1
3134,David Miller lives in New York USA and email is rahim@gmail.com,1
3135,I live at Chittagong Bangladesh,0
3136,amar nam John Smith amar phone 01955667788,1
3137,Contact me at rahim@gmail.com,1
3138,ami thaki Chittagong Bangladesh,0
3139,Rahim Ahmed lives in Dhaka Bangladesh and email is john@yahoo.com,1
3140,My name is David Miller and my phone number is 01955667788,1
3141,I live at Dhaka Bangladesh,0
3142,amar nam David Miller amar phone 01712345678,1
3143,ami thaki Dhaka Bangladesh,0
3144,ami thaki Chittagong Bangladesh,0
3145,I live at Chittagong Bangladesh,0
3146,ami thaki Dhaka Bangladesh,0
3147,amar nam David Miller amar phone 01955667788,1
3148,I live at Dhaka Bangladesh,0
3149,amar email holo rahim@gmail.com,1
3150,ami thaki Chittagong Bangladesh,0
3151,My name is Karim Hasan and my phone number is 01898765432,1
3152,amar nam David Miller amar phone 01712345678,1
3153,Contact me at david@gmail.com,1
3154,Contact me at john@yahoo.com,1
3155,My NID number is 1234567890,1
3156,amar email holo rahim@gmail.com,1
3157,Contact me at rahim@gmail.com,1
3158,ami thaki Chittagong Bangladesh,0
3159,I live at Dhaka Bangladesh,0
3160,My name is Rahim Ahmed and my phone number is 01898765432,1
3161,My NID number is 1234567890,1
3162,My name is Rahim Ahmed and my phone number is 01712345678,1
3163,My NID number is 1234567890,1
3164,amar email holo rahim@gmail.com,1
3165,I live at Dhaka Bangladesh,0
3166,amar email holo rahim@gmail.com,1
3167,My name is David Miller and my phone number is 01955667788,1
3168,amar nam David Miller amar phone 01955667788,1
3169,My name is Karim Hasan and my phone number is 01712345678,1
3170,amar email holo rahim@gmail.com,1
3171,John Smith lives in Dhaka Bangladesh and email is rahim@gmail.com,1
3172,ami thaki Dhaka Bangladesh,0
3173,amar nam Karim Hasan amar phone 01712345678,1
3174,My name is Rahim Ahmed and my phone number is 01898765432,1
3175,amar nam John Smith amar phone 01712345678,1
3176,amar email holo david@gmail.com,1
3177,My name is David Miller and my phone number is 01898765432,1
3178,My name is Nusrat Jahan and my phone number is 01898765432,1
3179,My NID number is 9876543210,1
3180,My name is John Smith and my phone number is 01898765432,1
3181,My NID number is 1234567890,1
3182,Karim Hasan lives in Dhaka Bangladesh and email is rahim@gmail.com,1
3183,ami thaki Chittagong Bangladesh,0
3184,My name is David Miller and my phone number is 01955667788,1
3185,ami thaki Dhaka Bangladesh,0
3186,ami thaki Dhaka Bangladesh,0
3187,My NID number is 9876543210,1
3188,Rahim Ahmed lives in Chittagong Bangladesh and email is david@gmail.com,1
3189,ami thaki Chittagong Bangladesh,0
3190,amar email holo rahim@gmail.com,1
3191,amar nam Nusrat Jahan amar phone 01898765432,1
3192,Rahim Ahmed lives in New York USA and email is david@gmail.com,1
3193,amar nam Karim Hasan amar phone 01955667788,1
3194,amar email holo david@gmail.com,1
3195,John Smith lives in Chittagong Bangladesh and email is john@yahoo.com,1
3196,amar email holo john@yahoo.com,1
3197,David Miller lives in Dhaka Bangladesh and email is john@yahoo.com,1
3198,I live at Dhaka Bangladesh,0
3199,My name is David Miller and my phone number is 01712345678,1
3200,ami thaki New York USA,0
3201,ami thaki Chittagong Bangladesh,0
3202,amar nam Karim Hasan amar phone 01955667788,1
3203,My NID number is 9876543210,1
3204,My name is Karim Hasan and my phone number is 01712345678,1
3205,My NID number is 9876543210,1
3206,Contact me at rahim@gmail.com,1
3207,Contact me at rahim@gmail.com,1
3208,ami thaki Chittagong Bangladesh,0
3209,I live at Dhaka Bangladesh,0
3210,My NID number is 1234567890,1
3211,Nusrat Jahan lives in Chittagong Bangladesh and email is rahim@gmail.com,1
3212,amar nam David Miller amar phone 01955667788,1
3213,amar nam David Miller amar phone 01712345678,1
3214,Contact me at david@gmail.com,1
3215,My NID number is 9876543210,1
3216,ami thaki Chittagong Bangladesh,0
3217,My name is Rahim Ahmed and my phone number is 01712345678,1
3218,ami thaki Dhaka Bangladesh,0
3219,John Smith lives in Dhaka Bangladesh and email is john@yahoo.com,1
3220,My NID number is 1234567890,1
3221,amar nam Karim Hasan amar phone 01712345678,1
3222,Contact me at rahim@gmail.com,1
3223,My name is Karim Hasan and my phone number is 01898765432,1
3224,ami thaki New York USA,0
3225,Rahim Ahmed lives in New York USA and email is john@yahoo.com,1
3226,Contact me at john@yahoo.com,1
3227,Contact me at rahim@gmail.com,1
3228,Nusrat Jahan lives in Dhaka Bangladesh and email is david@gmail.com,1
3229,My NID number is 1234567890,1
3230,amar email holo john@yahoo.com,1
3231,amar email holo rahim@gmail.com,1
3232,My NID number is 1234567890,1
3233,I live at New York USA,0
3234,My NID number is 9876543210,1
3235,My name is Rahim Ahmed and my phone number is 01955667788,1
3236,John Smith lives in New York USA and email is david@gmail.com,1
3237,Contact me at john@yahoo.com,1
3238,ami thaki New York USA,0
3239,Karim Hasan lives in New York USA and email is rahim@gmail.com,1
3240,amar email holo john@yahoo.com,1
3241,My NID number is 9876543210,1
3242,I live at Chittagong Bangladesh,0
3243,amar email holo david@gmail.com,1
3244,My name is David Miller and my phone number is 01955667788,1
3245,amar nam David Miller amar phone 01712345678,1
3246,My name is John Smith and my phone number is 01712345678,1
3247,amar email holo john@yahoo.com,1
3248,My NID number is 1234567890,1
3249,amar nam Rahim Ahmed amar phone 01712345678,1
3250,I live at Dhaka Bangladesh,0
3251,I live at Chittagong Bangladesh,0
3252,My name is Rahim Ahmed and my phone number is 01712345678,1
3253,David Miller lives in New York USA and email is david@gmail.com,1
3254,I live at Dhaka Bangladesh,0
3255,David Miller lives in Chittagong Bangladesh and email is rahim@gmail.com,1
3256,ami thaki Chittagong Bangladesh,0
3257,I live at Dhaka Bangladesh,0
3258,ami thaki New York USA,0
3259,My name is Nusrat Jahan and my phone number is 01955667788,1
3260,Nusrat Jahan lives in New York USA and email is john@yahoo.com,1
3261,My NID number is 1234567890,1
3262,amar email holo david@gmail.com,1
3263,Rahim Ahmed lives in Dhaka Bangladesh and email is david@gmail.com,1
3264,My NID number is 9876543210,1
3265,I live at Dhaka Bangladesh,0
3266,Contact me at rahim@gmail.com,1
3267,Contact me at rahim@gmail.com,1
3268,Nusrat Jahan lives in Dhaka Bangladesh and email is john@yahoo.com,1
3269,amar email holo rahim@gmail.com,1
3270,I live at Dhaka Bangladesh,0
3271,John Smith lives in Dhaka Bangladesh and email is david@gmail.com,1
3272,My NID number is 9876543210,1
3273,David Miller lives in Chittagong Bangladesh and email is david@gmail.com,1
3274,Rahim Ahmed lives in Chittagong Bangladesh and email is rahim@gmail.com,1
3275,amar nam Karim Hasan amar phone 01955667788,1
3276,I live at Chittagong Bangladesh,0
3277,amar nam Karim Hasan amar phone 01712345678,1
3278,amar email holo rahim@gmail.com,1
3279,amar nam Karim Hasan amar phone 01898765432,1
3280,Contact me at john@yahoo.com,1
3281,My name is Karim Hasan and my phone number is 01955667788,1
3282,amar email holo john@yahoo.com,1
3283,ami thaki Dhaka Bangladesh,0
3284,ami thaki Chittagong Bangladesh,0
3285,ami thaki Chittagong Bangladesh,0
3286,amar email holo rahim@gmail.com,1
3287,David Miller lives in Chittagong Bangladesh and email is john@yahoo.com,1
3288,Contact me at rahim@gmail.com,1
3289,My name is Nusrat Jahan and my phone number is 01712345678,1
3290,ami thaki New York USA,0
3291,John Smith lives in New York USA and email is rahim@gmail.com,1
3292,Contact me at john@yahoo.com,1
3293,amar nam Karim Hasan amar phone 01898765432,1
3294,amar nam David Miller amar phone 01712345678,1
3295,Nusrat Jahan lives in Dhaka Bangladesh and email is rahim@gmail.com,1
3296,My NID number is 1234567890,1
3297,ami thaki Dhaka Bangladesh,0
3298,My NID number is 1234567890,1
3299,ami thaki Chittagong Bangladesh,0
3300,I live at Chittagong Bangladesh,0
3301,My name is Nusrat Jahan and my phone number is 01955667788,1
3302,David Miller lives in Chittagong Bangladesh and email is rahim@gmail.com,1
3303,My NID number is 9876543210,1
3304,amar email holo david@gmail.com,1
3305,John Smith lives in New York USA and email is john@yahoo.com,1
3306,amar email holo rahim@gmail.com,1
3307,My name is Rahim Ahmed and my phone number is 01712345678,1
3308,My NID number is 9876543210,1
3309,I live at Dhaka Bangladesh,0
3310,I live at New York USA,0
3311,ami thaki New York USA,0
3312,ami thaki Chittagong Bangladesh,0
3313,I live at Chittagong Bangladesh,0
3314,ami thaki New York USA,0
3315,John Smith lives in Dhaka Bangladesh and email is rahim@gmail.com,1
3316,amar nam Nusrat Jahan amar phone 01955667788,1
3317,Contact me at david@gmail.com,1
3318,My name is John Smith and my phone number is 01712345678,1
3319,I live at New York USA,0
3320,ami thaki New York USA,0
3321,Contact me at david@gmail.com,1
3322,My name is Nusrat Jahan and my phone number is 01898765432,1
3323,Contact me at david@gmail.com,1
3324,amar email holo john@yahoo.com,1
3325,My name is Rahim Ahmed and my phone number is 01712345678,1
3326,My NID number is 1234567890,1
3327,My name is Karim Hasan and my phone number is 01712345678,1
3328,My NID number is 1234567890,1
3329,I live at New York USA,0
3330,My NID number is 1234567890,1
3331,My name is Rahim Ahmed and my phone number is 01898765432,1
3332,ami thaki Dhaka Bangladesh,0
3333,Contact me at rahim@gmail.com,1
3334,My name is Karim Hasan and my phone number is 01712345678,1
3335,ami thaki New York USA,0
3336,My NID number is 1234567890,1
3337,amar email holo john@yahoo.com,1
3338,Rahim Ahmed lives in New York USA and email is david@gmail.com,1
3339,David Miller lives in New York USA and email is rahim@gmail.com,1
3340,I live at New York USA,0
3341,Contact me at rahim@gmail.com,1
3342,I live at New York USA,0
3343,ami thaki Chittagong Bangladesh,0
3344,Rahim Ahmed lives in New York USA and email is rahim@gmail.com,1
3345,My NID number is 9876543210,1
3346,ami thaki Chittagong Bangladesh,0
3347,amar email holo rahim@gmail.com,1
3348,ami thaki New York USA,0
3349,amar email holo david@gmail.com,1
3350,ami thaki New York USA,0
3351,My name is Rahim Ahmed and my phone number is 01712345678,1
3352,Contact me at rahim@gmail.com,1
3353,Contact me at rahim@gmail.com,1
3354,Karim Hasan lives in Dhaka Bangladesh and email is david@gmail.com,1
3355,Karim Hasan lives in Chittagong Bangladesh and email is john@yahoo.com,1
3356,ami thaki Chittagong Bangladesh,0
3357,amar nam David Miller amar phone 01898765432,1
3358,amar email holo david@gmail.com,1
3359,My NID number is 1234567890,1
3360,John Smith lives in Chittagong Bangladesh and email is david@gmail.com,1
3361,ami thaki Chittagong Bangladesh,0
3362,ami thaki Dhaka Bangladesh,0
3363,ami thaki New York USA,0
3364,Nusrat Jahan lives in New York USA and email is rahim@gmail.com,1
3365,David Miller lives in Chittagong Bangladesh and email is rahim@gmail.com,1
3366,amar email holo rahim@gmail.com,1
3367,My NID number is 9876543210,1
3368,Contact me at rahim@gmail.com,1
3369,Nusrat Jahan lives in Chittagong Bangladesh and email is david@gmail.com,1
3370,amar nam Karim Hasan amar phone 01898765432,1
3371,My name is Rahim Ahmed and my phone number is 01898765432,1
3372,I live at New York USA,0
3373,Nusrat Jahan lives in Dhaka Bangladesh and email is rahim@gmail.com,1
3374,ami thaki Chittagong Bangladesh,0
3375,My name is Nusrat Jahan and my phone number is 01955667788,1
3376,Karim Hasan lives in New York USA and email is david@gmail.com,1
3377,ami thaki Chittagong Bangladesh,0
3378,amar email holo rahim@gmail.com,1
3379,My NID number is 9876543210,1
3380,David Miller lives in Chittagong Bangladesh and email is rahim@gmail.com,1
3381,Contact me at john@yahoo.com,1
3382,ami thaki Chittagong Bangladesh,0
3383,My NID number is 1234567890,1
3384,Contact me at rahim@gmail.com,1
3385,amar email holo john@yahoo.com,1
3386,John Smith lives in Chittagong Bangladesh and email is david@gmail.com,1
3387,Contact me at david@gmail.com,1
3388,ami thaki Chittagong Bangladesh,0
3389,Rahim Ahmed lives in Chittagong Bangladesh and email is john@yahoo.com,1
3390,amar nam Rahim Ahmed amar phone 01955667788,1
3391,I live at New York USA,0
3392,I live at Chittagong Bangladesh,0
3393,amar nam John Smith amar phone 01955667788,1
3394,ami thaki Dhaka Bangladesh,0
3395,amar nam David Miller amar phone 01898765432,1
3396,Karim Hasan lives in Dhaka Bangladesh and email is david@gmail.com,1
3397,Nusrat Jahan lives in Dhaka Bangladesh and email is rahim@gmail.com,1
3398,My NID number is 1234567890,1
3399,I live at New York USA,0
3400,amar nam Rahim Ahmed amar phone 01712345678,1
3401,Contact me at john@yahoo.com,1
3402,I live at Chittagong Bangladesh,0
3403,ami thaki Dhaka Bangladesh,0
3404,amar nam Nusrat Jahan amar phone 01712345678,1
3405,amar email holo john@yahoo.com,1
3406,Contact me at david@gmail.com,1
3407,amar nam John Smith amar phone 01955667788,1
3408,Contact me at david@gmail.com,1
3409,Rahim Ahmed lives in New York USA and email is rahim@gmail.com,1
3410,My NID number is 9876543210,1
3411,Contact me at john@yahoo.com,1
3412,ami thaki New York USA,0
3413,My name is Rahim Ahmed and my phone number is 01955667788,1
3414,Contact me at john@yahoo.com,1
3415,My name is Nusrat Jahan and my phone number is 01712345678,1
3416,My NID number is 9876543210,1
3417,amar email holo john@yahoo.com,1
3418,I live at Chittagong Bangladesh,0
3419,ami thaki Chittagong Bangladesh,0
3420,Contact me at rahim@gmail.com,1
3421,My NID number is 1234567890,1
3422,Contact me at john@yahoo.com,1
3423,ami thaki New York USA,0
3424,I live at Dhaka Bangladesh,0
3425,amar nam Nusrat Jahan amar phone 01955667788,1
3426,Rahim Ahmed lives in Dhaka Bangladesh and email is david@gmail.com,1
3427,amar email holo john@yahoo.com,1
3428,I live at New York USA,0
3429,Contact me at rahim@gmail.com,1
3430,amar email holo rahim@gmail.com,1
3431,ami thaki New York USA,0
3432,David Miller lives in Chittagong Bangladesh and email is john@yahoo.com,1
3433,I live at New York USA,0
3434,Contact me at david@gmail.com,1
3435,amar email holo john@yahoo.com,1
3436,My NID number is 1234567890,1
3437,I live at New York USA,0
3438,amar nam John Smith amar phone 01898765432,1
3439,I live at New York USA,0
3440,amar email holo john@yahoo.com,1
3441,John Smith lives in Dhaka Bangladesh and email is rahim@gmail.com,1
3442,amar nam Karim Hasan amar phone 01712345678,1
3443,I live at New York USA,0
3444,I live at New York USA,0
3445,Contact me at david@gmail.com,1
3446,John Smith lives in Dhaka Bangladesh and email is david@gmail.com,1
3447,amar email holo john@yahoo.com,1
3448,My NID number is 1234567890,1
3449,My NID number is 1234567890,1
3450,I live at Chittagong Bangladesh,0
3451,My NID number is 9876543210,1
3452,My NID number is 1234567890,1
3453,amar nam David Miller amar phone 01898765432,1
3454,amar email holo david@gmail.com,1
3455,I live at Chittagong Bangladesh,0
3456,I live at New York USA,0
3457,I live at New York USA,0
3458,My NID number is 9876543210,1
3459,amar email holo david@gmail.com,1
3460,amar email holo rahim@gmail.com,1
3461,Contact me at david@gmail.com,1
3462,amar nam Nusrat Jahan amar phone 01955667788,1
3463,amar email holo rahim@gmail.com,1
3464,ami thaki New York USA,0
3465,ami thaki New York USA,0
3466,Nusrat Jahan lives in Dhaka Bangladesh and email is rahim@gmail.com,1
3467,My name is Karim Hasan and my phone number is 01955667788,1
3468,Contact me at john@yahoo.com,1
3469,Contact me at john@yahoo.com,1
3470,ami thaki New York USA,0
3471,I live at Chittagong Bangladesh,0
3472,Karim Hasan lives in Chittagong Bangladesh and email is david@gmail.com,1
3473,My name is John Smith and my phone number is 01898765432,1
3474,amar email holo rahim@gmail.com,1
3475,David Miller lives in Dhaka Bangladesh and email is rahim@gmail.com,1
3476,My NID number is 9876543210,1
3477,My NID number is 1234567890,1
3478,ami thaki Chittagong Bangladesh,0
3479,I live at Chittagong Bangladesh,0
3480,I live at Chittagong Bangladesh,0
3481,amar nam David Miller amar phone 01955667788,1
3482,Nusrat Jahan lives in New York USA and email is rahim@gmail.com,1
3483,My NID number is 1234567890,1
3484,amar email holo rahim@gmail.com,1
3485,ami thaki Chittagong Bangladesh,0
3486,I live at Dhaka Bangladesh,0
3487,amar nam Karim Hasan amar phone 01955667788,1
3488,My NID number is 1234567890,1
3489,Contact me at david@gmail.com,1
3490,My name is Rahim Ahmed and my phone number is 01898765432,1
3491,I live at Chittagong Bangladesh,0
3492,Nusrat Jahan lives in Chittagong Bangladesh and email is david@gmail.com,1
3493,I live at New York USA,0
3494,amar nam Nusrat Jahan amar phone 01955667788,1
3495,My NID number is 9876543210,1
3496,My NID number is 9876543210,1
3497,I live at New York USA,0
3498,amar email holo john@yahoo.com,1
3499,I live at Chittagong Bangladesh,0
3500,Contact me at rahim@gmail.com,1
3501,My NID number is 1234567890,1
3502,My name is Rahim Ahmed and my phone number is 01898765432,1
3503,amar nam John Smith amar phone 01712345678,1
3504,Contact me at rahim@gmail.com,1
3505,I live at Dhaka Bangladesh,0
3506,amar nam Nusrat Jahan amar phone 01955667788,1
3507,amar email holo david@gmail.com,1
3508,amar nam Rahim Ahmed amar phone 01955667788,1
3509,Contact me at rahim@gmail.com,1
3510,My name is Rahim Ahmed and my phone number is 01712345678,1
3511,Nusrat Jahan lives in Chittagong Bangladesh and email is john@yahoo.com,1
3512,Contact me at john@yahoo.com,1
3513,David Miller lives in Chittagong Bangladesh and email is john@yahoo.com,1
3514,My name is Rahim Ahmed and my phone number is 01712345678,1
3515,amar nam Karim Hasan amar phone 01712345678,1
3516,Rahim Ahmed lives in New York USA and email is rahim@gmail.com,1
3517,amar email holo rahim@gmail.com,1
3518,My NID number is 9876543210,1
3519,ami thaki New York USA,0
3520,My NID number is 9876543210,1
3521,Contact me at david@gmail.com,1
3522,My NID number is 1234567890,1
3523,ami thaki New York USA,0
3524,amar nam John Smith amar phone 01712345678,1
3525,amar email holo john@yahoo.com,1
3526,Contact me at david@gmail.com,1
3527,ami thaki Chittagong Bangladesh,0
3528,ami thaki Dhaka Bangladesh,0
3529,My name is Karim Hasan and my phone number is 01898765432,1
3530,amar nam John Smith amar phone 01955667788,1
3531,ami thaki Dhaka Bangladesh,0
3532,My name is John Smith and my phone number is 01955667788,1
3533,ami thaki Dhaka Bangladesh,0
3534,amar nam Nusrat Jahan amar phone 01955667788,1
3535,David Miller lives in Chittagong Bangladesh and email is rahim@gmail.com,1
3536,amar nam John Smith amar phone 01955667788,1
3537,amar nam Rahim Ahmed amar phone 01955667788,1
3538,ami thaki New York USA,0
3539,ami thaki New York USA,0
3540,My NID number is 1234567890,1
3541,Rahim Ahmed lives in New York USA and email is john@yahoo.com,1
3542,amar email holo david@gmail.com,1
3543,Contact me at john@yahoo.com,1
3544,My name is Karim Hasan and my phone number is 01712345678,1
3545,Karim Hasan lives in Chittagong Bangladesh and email is david@gmail.com,1
3546,My name is Rahim Ahmed and my phone number is 01955667788,1
3547,amar email holo rahim@gmail.com,1
3548,My name is John Smith and my phone number is 01898765432,1
3549,My name is Rahim Ahmed and my phone number is 01712345678,1
3550,Karim Hasan lives in Dhaka Bangladesh and email is rahim@gmail.com,1
3551,Contact me at david@gmail.com,1
3552,Contact me at david@gmail.com,1
3553,ami thaki Chittagong Bangladesh,0
3554,Contact me at rahim@gmail.com,1
3555,amar nam Rahim Ahmed amar phone 01712345678,1
3556,My name is Karim Hasan and my phone number is 01712345678,1
3557,My name is Rahim Ahmed and my phone number is 01712345678,1
3558,amar nam Nusrat Jahan amar phone 01898765432,1
3559,David Miller lives in Chittagong Bangladesh and email is david@gmail.com,1
3560,John Smith lives in Dhaka Bangladesh and email is david@gmail.com,1
3561,amar email holo rahim@gmail.com,1
3562,I live at Dhaka Bangladesh,0
3563,My name is John Smith and my phone number is 01712345678,1
3564,Contact me at john@yahoo.com,1
3565,Rahim Ahmed lives in Chittagong Bangladesh and email is john@yahoo.com,1
3566,amar email holo rahim@gmail.com,1
3567,I live at Chittagong Bangladesh,0
3568,ami thaki Dhaka Bangladesh,0
3569,My name is Karim Hasan and my phone number is 01712345678,1
3570,Rahim Ahmed lives in Dhaka Bangladesh and email is john@yahoo.com,1
3571,amar nam Rahim Ahmed amar phone 01898765432,1
3572,ami thaki Dhaka Bangladesh,0
3573,David Miller lives in Chittagong Bangladesh and email is john@yahoo.com,1
3574,My name is Rahim Ahmed and my phone number is 01898765432,1
3575,My NID number is 1234567890,1
3576,ami thaki New York USA,0
3577,Rahim Ahmed lives in Dhaka Bangladesh and email is john@yahoo.com,1
3578,Contact me at john@yahoo.com,1
3579,ami thaki Chittagong Bangladesh,0
3580,ami thaki New York USA,0
3581,My NID number is 9876543210,1
3582,ami thaki New York USA,0
3583,My NID number is 9876543210,1
3584,My name is Rahim Ahmed and my phone number is 01955667788,1
3585,amar nam Karim Hasan amar phone 01712345678,1
3586,ami thaki Chittagong Bangladesh,0
3587,Rahim Ahmed lives in New York USA and email is rahim@gmail.com,1
3588,My name is Rahim Ahmed and my phone number is 01898765432,1
3589,amar email holo rahim@gmail.com,1
3590,Contact me at rahim@gmail.com,1
3591,I live at Chittagong Bangladesh,0
3592,amar email holo david@gmail.com,1
3593,My NID number is 9876543210,1
3594,David Miller lives in Chittagong Bangladesh and email is rahim@gmail.com,1
3595,Contact me at john@yahoo.com,1
3596,My NID number is 9876543210,1
3597,amar email holo david@gmail.com,1
3598,Contact me at rahim@gmail.com,1
3599,ami thaki New York USA,0
3600,amar nam Rahim Ahmed amar phone 01898765432,1
3601,My name is David Miller and my phone number is 01712345678,1
3602,amar nam Rahim Ahmed amar phone 01898765432,1
3603,My NID number is 9876543210,1
3604,Nusrat Jahan lives in New York USA and email is john@yahoo.com,1
3605,ami thaki Chittagong Bangladesh,0
3606,amar nam Nusrat Jahan amar phone 01955667788,1
3607,amar email holo david@gmail.com,1
3608,ami thaki New York USA,0
3609,My name is Nusrat Jahan and my phone number is 01898765432,1
3610,amar nam John Smith amar phone 01955667788,1
3611,My name is David Miller and my phone number is 01712345678,1
3612,My name is Nusrat Jahan and my phone number is 01955667788,1
3613,My NID number is 1234567890,1
3614,My NID number is 1234567890,1
3615,ami thaki Dhaka Bangladesh,0
3616,Contact me at david@gmail.com,1
3617,ami thaki Dhaka Bangladesh,0
3618,ami thaki Dhaka Bangladesh,0
3619,amar email holo david@gmail.com,1
3620,ami thaki New York USA,0
3621,I live at Chittagong Bangladesh,0
3622,ami thaki Chittagong Bangladesh,0
3623,Contact me at rahim@gmail.com,1
3624,Contact me at david@gmail.com,1
3625,I live at Chittagong Bangladesh,0
3626,amar nam Rahim Ahmed amar phone 01898765432,1
3627,amar email holo rahim@gmail.com,1
3628,I live at Chittagong Bangladesh,0
3629,amar email holo david@gmail.com,1
3630,amar email holo john@yahoo.com,1
3631,I live at New York USA,0
3632,Contact me at john@yahoo.com,1
3633,amar email holo david@gmail.com,1
3634,amar email holo david@gmail.com,1
3635,amar email holo david@gmail.com,1
3636,My name is John Smith and my phone number is 01955667788,1
3637,I live at New York USA,0
3638,I live at Chittagong Bangladesh,0
3639,Karim Hasan lives in Chittagong Bangladesh and email is david@gmail.com,1
3640,I live at New York USA,0
3641,My name is David Miller and my phone number is 01712345678,1
3642,John Smith lives in New York USA and email is david@gmail.com,1
3643,amar nam David Miller amar phone 01898765432,1
3644,amar nam Karim Hasan amar phone 01712345678,1
3645,ami thaki Dhaka Bangladesh,0
3646,amar email holo john@yahoo.com,1
3647,amar email holo john@yahoo.com,1
3648,My name is David Miller and my phone number is 01898765432,1
3649,I live at Dhaka Bangladesh,0
3650,I live at New York USA,0
3651,ami thaki Chittagong Bangladesh,0
3652,amar nam Karim Hasan amar phone 01898765432,1
3653,amar email holo rahim@gmail.com,1
3654,Contact me at david@gmail.com,1
3655,My NID number is 1234567890,1
3656,amar email holo david@gmail.com,1
3657,My NID number is 9876543210,1
3658,Contact me at rahim@gmail.com,1
3659,My NID number is 1234567890,1
3660,Rahim Ahmed lives in New York USA and email is david@gmail.com,1
3661,My NID number is 1234567890,1
3662,ami thaki Dhaka Bangladesh,0
3663,Contact me at rahim@gmail.com,1
3664,My name is Rahim Ahmed and my phone number is 01712345678,1
3665,My name is Nusrat Jahan and my phone number is 01955667788,1
3666,I live at New York USA,0
3667,I live at New York USA,0
3668,amar email holo rahim@gmail.com,1
3669,ami thaki Dhaka Bangladesh,0
3670,Karim Hasan lives in New York USA and email is david@gmail.com,1
3671,Contact me at david@gmail.com,1
3672,ami thaki Chittagong Bangladesh,0
3673,ami thaki New York USA,0
3674,My name is David Miller and my phone number is 01712345678,1
3675,My NID number is 1234567890,1
3676,My name is John Smith and my phone number is 01712345678,1
3677,I live at Chittagong Bangladesh,0
3678,My name is Nusrat Jahan and my phone number is 01712345678,1
3679,ami thaki New York USA,0
3680,My NID number is 1234567890,1
3681,amar email holo rahim@gmail.com,1
3682,amar email holo rahim@gmail.com,1
3683,amar email holo rahim@gmail.com,1
3684,I live at Dhaka Bangladesh,0
3685,My name is David Miller and my phone number is 01955667788,1
3686,My name is Karim Hasan and my phone number is 01898765432,1
3687,amar email holo john@yahoo.com,1
3688,ami thaki New York USA,0
3689,amar nam John Smith amar phone 01955667788,1
3690,amar nam Karim Hasan amar phone 01898765432,1
3691,I live at Chittagong Bangladesh,0
3692,Nusrat Jahan lives in Dhaka Bangladesh and email is rahim@gmail.com,1
3693,John Smith lives in Dhaka Bangladesh and email is john@yahoo.com,1
3694,amar email holo john@yahoo.com,1
3695,ami thaki New York USA,0
3696,My NID number is 1234567890,1
3697,I live at New York USA,0
3698,My NID number is 9876543210,1
3699,amar nam Karim Hasan amar phone 01898765432,1
3700,ami thaki Dhaka Bangladesh,0
3701,My name is David Miller and my phone number is 01898765432,1
3702,amar email holo rahim@gmail.com,1
3703,Contact me at john@yahoo.com,1
3704,ami thaki Chittagong Bangladesh,0
3705,amar email holo john@yahoo.com,1
3706,amar email holo john@yahoo.com,1
3707,Contact me at rahim@gmail.com,1
3708,My NID number is 9876543210,1
3709,ami thaki New York USA,0
3710,My name is David Miller and my phone number is 01955667788,1
3711,amar nam David Miller amar phone 01898765432,1
3712,amar nam David Miller amar phone 01955667788,1
3713,ami thaki Dhaka Bangladesh,0
3714,My name is Karim Hasan and my phone number is 01712345678,1
3715,Contact me at john@yahoo.com,1
3716,My name is Rahim Ahmed and my phone number is 01955667788,1
3717,I live at Chittagong Bangladesh,0
3718,amar email holo david@gmail.com,1
3719,My name is Nusrat Jahan and my phone number is 01955667788,1
3720,My name is David Miller and my phone number is 01712345678,1
3721,ami thaki Dhaka Bangladesh,0
3722,amar nam John Smith amar phone 01712345678,1
3723,amar nam Nusrat Jahan amar phone 01955667788,1
3724,Rahim Ahmed lives in New York USA and email is rahim@gmail.com,1
3725,amar nam Nusrat Jahan amar phone 01712345678,1
3726,amar nam John Smith amar phone 01898765432,1
3727,My NID number is 1234567890,1
3728,ami thaki Dhaka Bangladesh,0
3729,Rahim Ahmed lives in Chittagong Bangladesh and email is john@yahoo.com,1
3730,ami thaki New York USA,0
3731,Rahim Ahmed lives in Dhaka Bangladesh and email is david@gmail.com,1
3732,Contact me at david@gmail.com,1
3733,My NID number is 9876543210,1
3734,Contact me at john@yahoo.com,1
3735,David Miller lives in Chittagong Bangladesh and email is john@yahoo.com,1
3736,My NID number is 1234567890,1
3737,ami thaki Dhaka Bangladesh,0
3738,amar email holo john@yahoo.com,1
3739,ami thaki Chittagong Bangladesh,0
3740,Rahim Ahmed lives in Chittagong Bangladesh and email is david@gmail.com,1
3741,I live at Chittagong Bangladesh,0
3742,amar email holo john@yahoo.com,1
3743,ami thaki New York USA,0
3744,Contact me at david@gmail.com,1
3745,I live at Dhaka Bangladesh,0
3746,Contact me at rahim@gmail.com,1
3747,I live at New York USA,0
3748,My NID number is 1234567890,1
3749,My NID number is 9876543210,1
3750,My name is Karim Hasan and my phone number is 01955667788,1
3751,Rahim Ahmed lives in New York USA and email is john@yahoo.com,1
3752,My NID number is 1234567890,1
3753,ami thaki New York USA,0
3754,Karim Hasan lives in New York USA and email is rahim@gmail.com,1
3755,My NID number is 1234567890,1
3756,My name is Rahim Ahmed and my phone number is 01955667788,1
3757,amar nam Rahim Ahmed amar phone 01955667788,1
3758,My NID number is 1234567890,1
3759,My NID number is 9876543210,1
3760,amar email holo john@yahoo.com,1
3761,ami thaki Dhaka Bangladesh,0
3762,My name is David Miller and my phone number is 01955667788,1
3763,Contact me at john@yahoo.com,1
3764,David Miller lives in Chittagong Bangladesh and email is david@gmail.com,1
3765,David Miller lives in Dhaka Bangladesh and email is rahim@gmail.com,1
3766,My name is Nusrat Jahan and my phone number is 01955667788,1
3767,My name is David Miller and my phone number is 01712345678,1
3768,Karim Hasan lives in New York USA and email is john@yahoo.com,1
3769,My name is David Miller and my phone number is 01898765432,1
3770,Karim Hasan lives in New York USA and email is john@yahoo.com,1
3771,ami thaki Dhaka Bangladesh,0
3772,amar email holo rahim@gmail.com,1
3773,My NID number is 1234567890,1
3774,amar email holo rahim@gmail.com,1
3775,My NID number is 9876543210,1
3776,amar nam Rahim Ahmed amar phone 01898765432,1
3777,I live at Dhaka Bangladesh,0
3778,ami thaki New York USA,0
3779,ami thaki Dhaka Bangladesh,0
3780,amar email holo john@yahoo.com,1
3781,amar email holo rahim@gmail.com,1
3782,Contact me at rahim@gmail.com,1
3783,My NID number is 9876543210,1
3784,My name is Nusrat Jahan and my phone number is 01898765432,1
3785,amar email holo rahim@gmail.com,1
3786,Contact me at rahim@gmail.com,1
3787,Karim Hasan lives in Chittagong Bangladesh and email is rahim@gmail.com,1
3788,ami thaki New York USA,0
3789,My name is John Smith and my phone number is 01712345678,1
3790,amar email holo david@gmail.com,1
3791,John Smith lives in Dhaka Bangladesh and email is david@gmail.com,1
3792,My NID number is 9876543210,1
3793,David Miller lives in New York USA and email is david@gmail.com,1
3794,Karim Hasan lives in New York USA and email is john@yahoo.com,1
3795,I live at New York USA,0
3796,ami thaki Chittagong Bangladesh,0
3797,ami thaki Chittagong Bangladesh,0
3798,amar email holo john@yahoo.com,1
3799,amar email holo rahim@gmail.com,1
3800,My NID number is 9876543210,1
3801,Contact me at john@yahoo.com,1
3802,amar nam John Smith amar phone 01712345678,1
3803,I live at Chittagong Bangladesh,0
3804,amar nam John Smith amar phone 01712345678,1
3805,amar nam David Miller amar phone 01712345678,1
3806,My NID number is 9876543210,1
3807,My NID number is 1234567890,1
3808,Rahim Ahmed lives in Chittagong Bangladesh and email is john@yahoo.com,1
3809,amar nam Rahim Ahmed amar phone 01898765432,1
3810,I live at Dhaka Bangladesh,0
3811,ami thaki New York USA,0
3812,amar email holo rahim@gmail.com,1
3813,I live at Dhaka Bangladesh,0
3814,My name is Rahim Ahmed and my phone number is 01955667788,1
3815,Contact me at david@gmail.com,1
3816,amar email holo david@gmail.com,1
3817,amar nam Rahim Ahmed amar phone 01712345678,1
3818,My NID number is 1234567890,1
3819,My name is Nusrat Jahan and my phone number is 01898765432,1
3820,My name is Rahim Ahmed and my phone number is 01955667788,1
3821,John Smith lives in Dhaka Bangladesh and email is john@yahoo.com,1
3822,ami thaki Chittagong Bangladesh,0
3823,amar email holo rahim@gmail.com,1
3824,amar nam Rahim Ahmed amar phone 01898765432,1
3825,Contact me at david@gmail.com,1
3826,amar nam Nusrat Jahan amar phone 01955667788,1
3827,John Smith lives in Dhaka Bangladesh and email is rahim@gmail.com,1
3828,I live at Dhaka Bangladesh,0
3829,My NID number is 1234567890,1
3830,My name is David Miller and my phone number is 01898765432,1
3831,Contact me at rahim@gmail.com,1
3832,My NID number is 1234567890,1
3833,I live at Dhaka Bangladesh,0
3834,John Smith lives in Dhaka Bangladesh and email is john@yahoo.com,1
3835,amar email holo john@yahoo.com,1
3836,My NID number is 1234567890,1
3837,amar email holo david@gmail.com,1
3838,Contact me at john@yahoo.com,1
3839,John Smith lives in Dhaka Bangladesh and email is john@yahoo.com,1
3840,John Smith lives in Chittagong Bangladesh and email is david@gmail.com,1
3841,Nusrat Jahan lives in Dhaka Bangladesh and email is david@gmail.com,1
3842,Contact me at david@gmail.com,1
3843,amar nam Rahim Ahmed amar phone 01712345678,1
3844,Rahim Ahmed lives in Dhaka Bangladesh and email is john@yahoo.com,1
3845,amar nam David Miller amar phone 01955667788,1
3846,ami thaki Chittagong Bangladesh,0
3847,amar nam Nusrat Jahan amar phone 01898765432,1
3848,My name is Karim Hasan and my phone number is 01955667788,1
3849,I live at Dhaka Bangladesh,0
3850,My NID number is 9876543210,1
3851,Rahim Ahmed lives in Chittagong Bangladesh and email is john@yahoo.com,1
3852,ami thaki New York USA,0
3853,I live at Chittagong Bangladesh,0
3854,amar email holo john@yahoo.com,1
3855,My name is David Miller and my phone number is 01712345678,1
3856,My name is Karim Hasan and my phone number is 01898765432,1
3857,I live at Dhaka Bangladesh,0
3858,Karim Hasan lives in Dhaka Bangladesh and email is john@yahoo.com,1
3859,ami thaki Dhaka Bangladesh,0
3860,My name is Rahim Ahmed and my phone number is 01712345678,1
3861,ami thaki Dhaka Bangladesh,0
3862,Contact me at john@yahoo.com,1
3863,I live at Chittagong Bangladesh,0
3864,I live at New York USA,0
3865,Contact me at rahim@gmail.com,1
3866,My NID number is 1234567890,1
3867,amar email holo david@gmail.com,1
3868,I live at Dhaka Bangladesh,0
3869,Karim Hasan lives in Chittagong Bangladesh and email is rahim@gmail.com,1
3870,amar nam John Smith amar phone 01898765432,1
3871,My NID number is 1234567890,1
3872,amar nam Rahim Ahmed amar phone 01955667788,1
3873,ami thaki Dhaka Bangladesh,0
3874,I live at New York USA,0
3875,My NID number is 1234567890,1
3876,amar email holo rahim@gmail.com,1
3877,Contact me at david@gmail.com,1
3878,amar nam David Miller amar phone 01955667788,1
3879,My name is John Smith and my phone number is 01955667788,1
3880,ami thaki New York USA,0
3881,amar email holo john@yahoo.com,1
3882,amar nam John Smith amar phone 01898765432,1
3883,My NID number is 9876543210,1
3884,I live at New York USA,0
3885,My name is Karim Hasan and my phone number is 01955667788,1
3886,amar email holo rahim@gmail.com,1
3887,ami thaki New York USA,0
3888,My NID number is 1234567890,1
3889,ami thaki Chittagong Bangladesh,0
3890,My NID number is 1234567890,1
3891,My name is Nusrat Jahan and my phone number is 01955667788,1
3892,I live at Chittagong Bangladesh,0
3893,My name is David Miller and my phone number is 01955667788,1
3894,My NID number is 9876543210,1
3895,Contact me at rahim@gmail.com,1
3896,My NID number is 1234567890,1
3897,Rahim Ahmed lives in Chittagong Bangladesh and email is david@gmail.com,1
3898,amar email holo david@gmail.com,1
3899,amar email holo john@yahoo.com,1
3900,I live at New York USA,0
3901,I live at Chittagong Bangladesh,0
3902,I live at Chittagong Bangladesh,0
3903,amar nam John Smith amar phone 01898765432,1
3904,amar nam Karim Hasan amar phone 01898765432,1
3905,ami thaki New York USA,0
3906,amar email holo john@yahoo.com,1
3907,My name is John Smith and my phone number is 01955667788,1
3908,I live at Dhaka Bangladesh,0
3909,amar nam Nusrat Jahan amar phone 01955667788,1
3910,amar email holo rahim@gmail.com,1
3911,I live at New York USA,0
3912,amar email holo david@gmail.com,1
3913,ami thaki Dhaka Bangladesh,0
3914,I live at Dhaka Bangladesh,0
3915,Contact me at john@yahoo.com,1
3916,I live at New York USA,0
3917,I live at Chittagong Bangladesh,0
3918,Contact me at john@yahoo.com,1
3919,Nusrat Jahan lives in New York USA and email is david@gmail.com,1
3920,amar nam Rahim Ahmed amar phone 01955667788,1
3921,My name is Rahim Ahmed and my phone number is 01712345678,1
3922,My name is Karim Hasan and my phone number is 01955667788,1
3923,amar nam Rahim Ahmed amar phone 01955667788,1
3924,amar email holo david@gmail.com,1
3925,I live at Dhaka Bangladesh,0
3926,My NID number is 1234567890,1
3927,amar email holo john@yahoo.com,1
3928,My NID number is 1234567890,1
3929,I live at Dhaka Bangladesh,0
3930,John Smith lives in Dhaka Bangladesh and email is rahim@gmail.com,1
3931,My name is Rahim Ahmed and my phone number is 01898765432,1
3932,My name is David Miller and my phone number is 01898765432,1
3933,amar email holo john@yahoo.com,1
3934,My NID number is 1234567890,1
3935,John Smith lives in New York USA and email is john@yahoo.com,1
3936,ami thaki New York USA,0
3937,I live at Dhaka Bangladesh,0
3938,My name is David Miller and my phone number is 01955667788,1
3939,I live at Dhaka Bangladesh,0
3940,ami thaki Dhaka Bangladesh,0
3941,I live at Dhaka Bangladesh,0
3942,amar email holo rahim@gmail.com,1
3943,I live at New York USA,0
3944,My name is David Miller and my phone number is 01955667788,1
3945,John Smith lives in Chittagong Bangladesh and email is rahim@gmail.com,1
3946,I live at Dhaka Bangladesh,0
3947,My NID number is 1234567890,1
3948,John Smith lives in Dhaka Bangladesh and email is david@gmail.com,1
3949,ami thaki Chittagong Bangladesh,0
3950,Contact me at john@yahoo.com,1
3951,amar email holo david@gmail.com,1
3952,My NID number is 1234567890,1
3953,My name is John Smith and my phone number is 01955667788,1
3954,My NID number is 9876543210,1
3955,Contact me at david@gmail.com,1
3956,ami thaki Chittagong Bangladesh,0
3957,amar nam Nusrat Jahan amar phone 01712345678,1
3958,amar email holo david@gmail.com,1
3959,amar email holo david@gmail.com,1
3960,John Smith lives in Dhaka Bangladesh and email is rahim@gmail.com,1
3961,My name is David Miller and my phone number is 01898765432,1
3962,amar nam Karim Hasan amar phone 01955667788,1
3963,ami thaki Dhaka Bangladesh,0
3964,Nusrat Jahan lives in Dhaka Bangladesh and email is rahim@gmail.com,1
3965,My NID number is 9876543210,1
3966,My name is David Miller and my phone number is 01712345678,1
3967,I live at Dhaka Bangladesh,0
3968,ami thaki Dhaka Bangladesh,0
3969,ami thaki New York USA,0
3970,Contact me at david@gmail.com,1
3971,ami thaki New York USA,0
3972,My NID number is 1234567890,1
3973,ami thaki Chittagong Bangladesh,0
3974,ami thaki Chittagong Bangladesh,0
3975,David Miller lives in New York USA and email is rahim@gmail.com,1
3976,Contact me at rahim@gmail.com,1
3977,amar email holo david@gmail.com,1
3978,Contact me at rahim@gmail.com,1
3979,My NID number is 1234567890,1
3980,ami thaki Dhaka Bangladesh,0
3981,My NID number is 9876543210,1
3982,I live at Chittagong Bangladesh,0
3983,Nusrat Jahan lives in New York USA and email is john@yahoo.com,1
3984,ami thaki New York USA,0
3985,I live at New York USA,0
3986,My NID number is 9876543210,1
3987,My NID number is 9876543210,1
3988,David Miller lives in Dhaka Bangladesh and email is david@gmail.com,1
3989,ami thaki Chittagong Bangladesh,0
3990,My name is Karim Hasan and my phone number is 01712345678,1
3991,amar email holo john@yahoo.com,1
3992,Nusrat Jahan lives in New York USA and email is rahim@gmail.com,1
3993,amar nam Rahim Ahmed amar phone 01955667788,1
3994,I live at Chittagong Bangladesh,0
3995,My NID number is 9876543210,1
3996,My NID number is 9876543210,1
3997,amar nam Rahim Ahmed amar phone 01955667788,1
3998,My NID number is 1234567890,1
3999,amar nam Rahim Ahmed amar phone 01955667788,1
4000,Nusrat Jahan lives in Dhaka Bangladesh and email is rahim@gmail.com,1
4001,amar email holo john@yahoo.com,1
4002,My NID number is 9876543210,1
4003,ami thaki Dhaka Bangladesh,0
4004,I live at New York USA,0
4005,amar email holo john@yahoo.com,1
4006,amar email holo david@gmail.com,1
4007,ami thaki Dhaka Bangladesh,0
4008,Contact me at david@gmail.com,1
4009,Nusrat Jahan lives in New York USA and email is rahim@gmail.com,1
4010,amar email holo rahim@gmail.com,1
4011,amar nam Rahim Ahmed amar phone 01712345678,1
4012,David Miller lives in Dhaka Bangladesh and email is rahim@gmail.com,1
4013,ami thaki Dhaka Bangladesh,0
4014,amar email holo david@gmail.com,1
4015,amar email holo rahim@gmail.com,1
4016,My name is Rahim Ahmed and my phone number is 01712345678,1
4017,David Miller lives in Chittagong Bangladesh and email is rahim@gmail.com,1
4018,amar nam David Miller amar phone 01712345678,1
4019,I live at Chittagong Bangladesh,0
4020,Nusrat Jahan lives in New York USA and email is rahim@gmail.com,1
4021,amar email holo rahim@gmail.com,1
4022,amar nam Nusrat Jahan amar phone 01955667788,1
4023,My name is Rahim Ahmed and my phone number is 01898765432,1
4024,I live at Chittagong Bangladesh,0
4025,amar email holo john@yahoo.com,1
4026,amar nam John Smith amar phone 01898765432,1
4027,My name is Karim Hasan and my phone number is 01712345678,1
4028,ami thaki Chittagong Bangladesh,0
4029,ami thaki Dhaka Bangladesh,0
4030,My name is Nusrat Jahan and my phone number is 01712345678,1
4031,amar email holo david@gmail.com,1
4032,David Miller lives in Dhaka Bangladesh and email is john@yahoo.com,1
4033,I live at Dhaka Bangladesh,0
4034,My name is John Smith and my phone number is 01955667788,1
4035,ami thaki Chittagong Bangladesh,0
4036,ami thaki Dhaka Bangladesh,0
4037,Rahim Ahmed lives in Chittagong Bangladesh and email is david@gmail.com,1
4038,John Smith lives in New York USA and email is david@gmail.com,1
4039,amar nam John Smith amar phone 01898765432,1
4040,My name is Karim Hasan and my phone number is 01898765432,1
4041,Contact me at rahim@gmail.com,1
4042,John Smith lives in Dhaka Bangladesh and email is rahim@gmail.com,1
4043,Nusrat Jahan lives in Chittagong Bangladesh and email is john@yahoo.com,1
4044,Contact me at david@gmail.com,1
4045,I live at Dhaka Bangladesh,0
4046,I live at Chittagong Bangladesh,0
4047,John Smith lives in Chittagong Bangladesh and email is david@gmail.com,1
4048,David Miller lives in Chittagong Bangladesh and email is rahim@gmail.com,1
4049,My name is Rahim Ahmed and my phone number is 01955667788,1
4050,I live at Dhaka Bangladesh,0
4051,amar email holo john@yahoo.com,1
4052,ami thaki New York USA,0
4053,ami thaki Dhaka Bangladesh,0
4054,Contact me at john@yahoo.com,1
4055,My name is Nusrat Jahan and my phone number is 01898765432,1
4056,amar email holo john@yahoo.com,1
4057,Contact me at david@gmail.com,1
4058,ami thaki Chittagong Bangladesh,0
4059,My NID number is 9876543210,1
4060,My name is David Miller and my phone number is 01712345678,1
4061,I live at Dhaka Bangladesh,0
4062,I live at Chittagong Bangladesh,0
4063,I live at Chittagong Bangladesh,0
4064,My NID number is 1234567890,1
4065,I live at Dhaka Bangladesh,0
4066,My name is Rahim Ahmed and my phone number is 01955667788,1
4067,amar email holo david@gmail.com,1
4068,ami thaki New York USA,0
4069,I live at Dhaka Bangladesh,0
4070,Contact me at rahim@gmail.com,1
4071,ami thaki New York USA,0
4072,amar nam Nusrat Jahan amar phone 01898765432,1
4073,amar nam John Smith amar phone 01955667788,1
4074,Rahim Ahmed lives in New York USA and email is david@gmail.com,1
4075,I live at Dhaka Bangladesh,0
4076,amar nam Nusrat Jahan amar phone 01712345678,1
4077,ami thaki Chittagong Bangladesh,0
4078,My name is David Miller and my phone number is 01898765432,1
4079,My name is Nusrat Jahan and my phone number is 01955667788,1
4080,amar nam Rahim Ahmed amar phone 01712345678,1
4081,ami thaki Dhaka Bangladesh,0
4082,My name is Rahim Ahmed and my phone number is 01712345678,1
4083,Karim Hasan lives in Chittagong Bangladesh and email is david@gmail.com,1
4084,Nusrat Jahan lives in New York USA and email is david@gmail.com,1
4085,Karim Hasan lives in Dhaka Bangladesh and email is john@yahoo.com,1
4086,amar nam David Miller amar phone 01898765432,1
4087,ami thaki Chittagong Bangladesh,0
4088,My NID number is 9876543210,1
4089,ami thaki Dhaka Bangladesh,0
4090,John Smith lives in New York USA and email is rahim@gmail.com,1
4091,I live at Chittagong Bangladesh,0
4092,My name is Karim Hasan and my phone number is 01955667788,1
4093,My NID number is 9876543210,1
4094,My name is Karim Hasan and my phone number is 01955667788,1
4095,amar nam Rahim Ahmed amar phone 01955667788,1
4096,I live at Dhaka Bangladesh,0
4097,My name is John Smith and my phone number is 01898765432,1
4098,amar email holo rahim@gmail.com,1
4099,Contact me at rahim@gmail.com,1
4100,John Smith lives in Dhaka Bangladesh and email is rahim@gmail.com,1
4101,amar nam Karim Hasan amar phone 01898765432,1
4102,I live at Chittagong Bangladesh,0
4103,My NID number is 1234567890,1
4104,amar nam John Smith amar phone 01712345678,1
4105,My NID number is 1234567890,1
4106,Karim Hasan lives in Dhaka Bangladesh and email is rahim@gmail.com,1
4107,Nusrat Jahan lives in Chittagong Bangladesh and email is rahim@gmail.com,1
4108,I live at Chittagong Bangladesh,0
4109,Contact me at john@yahoo.com,1
4110,My NID number is 9876543210,1
4111,Contact me at rahim@gmail.com,1
4112,amar email holo rahim@gmail.com,1
4113,David Miller lives in Chittagong Bangladesh and email is rahim@gmail.com,1
4114,My NID number is 9876543210,1
4115,ami thaki New York USA,0
4116,Contact me at rahim@gmail.com,1
4117,I live at Dhaka Bangladesh,0
4118,My NID number is 1234567890,1
4119,I live at New York USA,0
4120,amar email holo rahim@gmail.com,1
4121,ami thaki Chittagong Bangladesh,0
4122,Nusrat Jahan lives in New York USA and email is john@yahoo.com,1
4123,ami thaki New York USA,0
4124,amar nam David Miller amar phone 01955667788,1
4125,My name is Karim Hasan and my phone number is 01712345678,1
4126,amar nam John Smith amar phone 01955667788,1
4127,My name is John Smith and my phone number is 01712345678,1
4128,amar nam John Smith amar phone 01712345678,1
4129,Contact me at rahim@gmail.com,1
4130,amar nam Karim Hasan amar phone 01955667788,1
4131,amar email holo rahim@gmail.com,1
4132,John Smith lives in Dhaka Bangladesh and email is john@yahoo.com,1
4133,amar nam Nusrat Jahan amar phone 01712345678,1
4134,ami thaki Dhaka Bangladesh,0
4135,amar nam Nusrat Jahan amar phone 01955667788,1
4136,I live at New York USA,0
4137,amar email holo john@yahoo.com,1
4138,amar email holo david@gmail.com,1
4139,My name is Karim Hasan and my phone number is 01712345678,1
4140,Contact me at david@gmail.com,1
4141,Karim Hasan lives in Chittagong Bangladesh and email is david@gmail.com,1
4142,ami thaki Chittagong Bangladesh,0
4143,amar email holo david@gmail.com,1
4144,My NID number is 1234567890,1
4145,Rahim Ahmed lives in New York USA and email is rahim@gmail.com,1
4146,Nusrat Jahan lives in Dhaka Bangladesh and email is rahim@gmail.com,1
4147,My NID number is 9876543210,1
4148,amar email holo john@yahoo.com,1
4149,amar nam Nusrat Jahan amar phone 01898765432,1
4150,amar nam Nusrat Jahan amar phone 01898765432,1
4151,Karim Hasan lives in New York USA and email is rahim@gmail.com,1
4152,ami thaki Chittagong Bangladesh,0
4153,ami thaki Chittagong Bangladesh,0
4154,ami thaki Dhaka Bangladesh,0
4155,Karim Hasan lives in Dhaka Bangladesh and email is rahim@gmail.com,1
4156,My NID number is 9876543210,1
4157,ami thaki New York USA,0
4158,My NID number is 1234567890,1
4159,Contact me at rahim@gmail.com,1
4160,Contact me at rahim@gmail.com,1
4161,amar nam Nusrat Jahan amar phone 01712345678,1
4162,I live at Dhaka Bangladesh,0
4163,ami thaki New York USA,0
4164,amar email holo rahim@gmail.com,1
4165,Karim Hasan lives in Dhaka Bangladesh and email is john@yahoo.com,1
4166,Karim Hasan lives in Dhaka Bangladesh and email is david@gmail.com,1
4167,My name is Karim Hasan and my phone number is 01898765432,1
4168,My name is John Smith and my phone number is 01955667788,1
4169,Rahim Ahmed lives in Dhaka Bangladesh and email is john@yahoo.com,1
4170,amar nam Karim Hasan amar phone 01898765432,1
4171,I live at Chittagong Bangladesh,0
4172,David Miller lives in Chittagong Bangladesh and email is rahim@gmail.com,1
4173,Contact me at rahim@gmail.com,1
4174,I live at New York USA,0
4175,amar nam Nusrat Jahan amar phone 01898765432,1
4176,amar nam Rahim Ahmed amar phone 01712345678,1
4177,I live at New York USA,0
4178,amar nam John Smith amar phone 01712345678,1
4179,amar nam Karim Hasan amar phone 01955667788,1
4180,I live at New York USA,0
4181,Rahim Ahmed lives in Dhaka Bangladesh and email is rahim@gmail.com,1
4182,amar nam John Smith amar phone 01955667788,1
4183,Contact me at john@yahoo.com,1
4184,I live at Chittagong Bangladesh,0
4185,My name is John Smith and my phone number is 01955667788,1
4186,My NID number is 9876543210,1
4187,I live at Dhaka Bangladesh,0
4188,My name is Karim Hasan and my phone number is 01955667788,1
4189,My NID number is 1234567890,1
4190,ami thaki New York USA,0
4191,amar nam Nusrat Jahan amar phone 01955667788,1
4192,I live at Chittagong Bangladesh,0
4193,amar nam David Miller amar phone 01712345678,1
4194,Rahim Ahmed lives in Dhaka Bangladesh and email is rahim@gmail.com,1
4195,My NID number is 9876543210,1
4196,I live at Chittagong Bangladesh,0
4197,amar nam John Smith amar phone 01712345678,1
4198,Nusrat Jahan lives in Dhaka Bangladesh and email is david@gmail.com,1
4199,Rahim Ahmed lives in Dhaka Bangladesh and email is john@yahoo.com,1
4200,My name is John Smith and my phone number is 01955667788,1
4201,My name is Rahim Ahmed and my phone number is 01955667788,1
4202,Contact me at john@yahoo.com,1
4203,amar nam Karim Hasan amar phone 01898765432,1
4204,My NID number is 9876543210,1
4205,My NID number is 9876543210,1
4206,My name is Rahim Ahmed and my phone number is 01955667788,1
4207,I live at Dhaka Bangladesh,0
4208,My name is David Miller and my phone number is 01898765432,1
4209,Nusrat Jahan lives in Chittagong Bangladesh and email is rahim@gmail.com,1
4210,I live at Chittagong Bangladesh,0
4211,amar email holo john@yahoo.com,1
4212,My NID number is 1234567890,1
4213,ami thaki Dhaka Bangladesh,0
4214,My name is John Smith and my phone number is 01955667788,1
4215,John Smith lives in Chittagong Bangladesh and email is john@yahoo.com,1
4216,ami thaki Chittagong Bangladesh,0
4217,My NID number is 1234567890,1
4218,amar email holo rahim@gmail.com,1
4219,My NID number is 9876543210,1
4220,ami thaki New York USA,0
4221,I live at Chittagong Bangladesh,0
4222,My name is Karim Hasan and my phone number is 01898765432,1
4223,My name is Karim Hasan and my phone number is 01712345678,1
4224,ami thaki New York USA,0
4225,David Miller lives in Chittagong Bangladesh and email is john@yahoo.com,1
4226,Rahim Ahmed lives in New York USA and email is david@gmail.com,1
4227,ami thaki New York USA,0
4228,ami thaki Chittagong Bangladesh,0
4229,amar nam Karim Hasan amar phone 01955667788,1
4230,ami thaki New York USA,0
4231,David Miller lives in Chittagong Bangladesh and email is rahim@gmail.com,1
4232,Contact me at rahim@gmail.com,1
4233,My name is Karim Hasan and my phone number is 01955667788,1
4234,ami thaki Chittagong Bangladesh,0
4235,amar nam David Miller amar phone 01898765432,1
4236,I live at Dhaka Bangladesh,0
4237,I live at Chittagong Bangladesh,0
4238,ami thaki New York USA,0
4239,ami thaki Dhaka Bangladesh,0
4240,My name is John Smith and my phone number is 01712345678,1
4241,I live at New York USA,0
4242,ami thaki Dhaka Bangladesh,0
4243,amar nam Karim Hasan amar phone 01712345678,1
4244,My name is Nusrat Jahan and my phone number is 01712345678,1
4245,I live at Dhaka Bangladesh,0
4246,Nusrat Jahan lives in Chittagong Bangladesh and email is john@yahoo.com,1
4247,Rahim Ahmed lives in New York USA and email is john@yahoo.com,1
4248,ami thaki Chittagong Bangladesh,0
4249,ami thaki Dhaka Bangladesh,0
4250,Karim Hasan lives in New York USA and email is david@gmail.com,1
4251,amar email holo rahim@gmail.com,1
4252,My name is Rahim Ahmed and my phone number is 01898765432,1
4253,Contact me at john@yahoo.com,1
4254,amar nam Rahim Ahmed amar phone 01712345678,1
4255,My NID number is 9876543210,1
4256,My name is Rahim Ahmed and my phone number is 01955667788,1
4257,I live at Chittagong Bangladesh,0
4258,Contact me at john@yahoo.com,1
4259,amar email holo john@yahoo.com,1
4260,I live at Chittagong Bangladesh,0
4261,Karim Hasan lives in Dhaka Bangladesh and email is david@gmail.com,1
4262,My NID number is 9876543210,1
4263,amar nam Rahim Ahmed amar phone 01955667788,1
4264,My name is Rahim Ahmed and my phone number is 01712345678,1
4265,amar nam John Smith amar phone 01712345678,1
4266,David Miller lives in New York USA and email is rahim@gmail.com,1
4267,I live at New York USA,0
4268,ami thaki Dhaka Bangladesh,0
4269,My name is David Miller and my phone number is 01955667788,1
4270,ami thaki New York USA,0
4271,I live at Dhaka Bangladesh,0
4272,Nusrat Jahan lives in Chittagong Bangladesh and email is david@gmail.com,1
4273,I live at Chittagong Bangladesh,0
4274,I live at Chittagong Bangladesh,0
4275,My name is Nusrat Jahan and my phone number is 01898765432,1
4276,ami thaki New York USA,0
4277,My name is Rahim Ahmed and my phone number is 01712345678,1
4278,I live at Dhaka Bangladesh,0
4279,My NID number is 1234567890,1
4280,My NID number is 1234567890,1
4281,Rahim Ahmed lives in Dhaka Bangladesh and email is rahim@gmail.com,1
4282,Nusrat Jahan lives in New York USA and email is john@yahoo.com,1
4283,My name is Karim Hasan and my phone number is 01712345678,1
4284,My NID number is 1234567890,1
4285,My NID number is 9876543210,1
4286,Rahim Ahmed lives in New York USA and email is david@gmail.com,1
4287,amar nam Nusrat Jahan amar phone 01898765432,1
4288,amar nam Karim Hasan amar phone 01712345678,1
4289,amar nam Rahim Ahmed amar phone 01955667788,1
4290,Karim Hasan lives in New York USA and email is david@gmail.com,1
4291,My name is Rahim Ahmed and my phone number is 01955667788,1
4292,My name is David Miller and my phone number is 01712345678,1
4293,My name is Rahim Ahmed and my phone number is 01898765432,1
4294,My NID number is 1234567890,1
4295,Contact me at john@yahoo.com,1
4296,Nusrat Jahan lives in New York USA and email is john@yahoo.com,1
4297,amar email holo david@gmail.com,1
4298,My name is Nusrat Jahan and my phone number is 01955667788,1
4299,My NID number is 9876543210,1
4300,Contact me at john@yahoo.com,1
4301,ami thaki New York USA,0
4302,David Miller lives in Dhaka Bangladesh and email is rahim@gmail.com,1
4303,ami thaki Chittagong Bangladesh,0
4304,I live at Dhaka Bangladesh,0
4305,ami thaki New York USA,0
4306,ami thaki New York USA,0
4307,Contact me at david@gmail.com,1
4308,David Miller lives in Chittagong Bangladesh and email is john@yahoo.com,1
4309,Contact me at john@yahoo.com,1
4310,My NID number is 9876543210,1
4311,My name is John Smith and my phone number is 01712345678,1
4312,amar email holo rahim@gmail.com,1
4313,amar nam Karim Hasan amar phone 01712345678,1
4314,Nusrat Jahan lives in New York USA and email is john@yahoo.com,1
4315,My name is Karim Hasan and my phone number is 01898765432,1
4316,amar email holo john@yahoo.com,1
4317,Contact me at david@gmail.com,1
4318,Contact me at rahim@gmail.com,1
4319,ami thaki Chittagong Bangladesh,0
4320,My name is Rahim Ahmed and my phone number is 01955667788,1
4321,David Miller lives in Chittagong Bangladesh and email is rahim@gmail.com,1
4322,Contact me at rahim@gmail.com,1
4323,Nusrat Jahan lives in Chittagong Bangladesh and email is david@gmail.com,1
4324,I live at Chittagong Bangladesh,0
4325,amar email holo john@yahoo.com,1
4326,My NID number is 9876543210,1
4327,amar nam Rahim Ahmed amar phone 01898765432,1
4328,My name is David Miller and my phone number is 01955667788,1
4329,amar email holo david@gmail.com,1
4330,ami thaki New York USA,0
4331,ami thaki New York USA,0
4332,My name is David Miller and my phone number is 01955667788,1
4333,My NID number is 1234567890,1
4334,David Miller lives in Dhaka Bangladesh and email is rahim@gmail.com,1
4335,My name is Rahim Ahmed and my phone number is 01898765432,1
4336,My NID number is 1234567890,1
4337,My NID number is 1234567890,1
4338,amar email holo john@yahoo.com,1
4339,Contact me at david@gmail.com,1
4340,amar nam David Miller amar phone 01898765432,1
4341,My NID number is 9876543210,1
4342,Karim Hasan lives in Dhaka Bangladesh and email is john@yahoo.com,1
4343,My name is David Miller and my phone number is 01898765432,1
4344,amar email holo rahim@gmail.com,1
4345,I live at Dhaka Bangladesh,0
4346,amar nam David Miller amar phone 01955667788,1
4347,My name is Karim Hasan and my phone number is 01898765432,1
4348,Contact me at rahim@gmail.com,1
4349,ami thaki Dhaka Bangladesh,0
4350,Contact me at john@yahoo.com,1
4351,amar email holo david@gmail.com,1
4352,ami thaki Chittagong Bangladesh,0
4353,amar nam Nusrat Jahan amar phone 01898765432,1
4354,Karim Hasan lives in New York USA and email is rahim@gmail.com,1
4355,My name is John Smith and my phone number is 01955667788,1
4356,ami thaki Chittagong Bangladesh,0
4357,Karim Hasan lives in Dhaka Bangladesh and email is david@gmail.com,1
4358,My NID number is 1234567890,1
4359,My name is Rahim Ahmed and my phone number is 01898765432,1
4360,My NID number is 1234567890,1
4361,My name is John Smith and my phone number is 01898765432,1
4362,ami thaki Dhaka Bangladesh,0
4363,Contact me at david@gmail.com,1
4364,ami thaki New York USA,0
4365,My NID number is 9876543210,1
4366,amar nam Nusrat Jahan amar phone 01712345678,1
4367,amar nam Rahim Ahmed amar phone 01898765432,1
4368,I live at Dhaka Bangladesh,0
4369,amar nam Nusrat Jahan amar phone 01898765432,1
4370,ami thaki New York USA,0
4371,My NID number is 9876543210,1
4372,I live at Chittagong Bangladesh,0
4373,Rahim Ahmed lives in New York USA and email is david@gmail.com,1
4374,My NID number is 9876543210,1
4375,I live at Chittagong Bangladesh,0
4376,Nusrat Jahan lives in Chittagong Bangladesh and email is david@gmail.com,1
4377,I live at Chittagong Bangladesh,0
4378,amar nam Nusrat Jahan amar phone 01712345678,1
4379,I live at Chittagong Bangladesh,0
4380,ami thaki Chittagong Bangladesh,0
4381,ami thaki Dhaka Bangladesh,0
4382,My name is Karim Hasan and my phone number is 01712345678,1
4383,amar nam John Smith amar phone 01955667788,1
4384,My NID number is 9876543210,1
4385,I live at New York USA,0
4386,My name is John Smith and my phone number is 01955667788,1
4387,ami thaki New York USA,0
4388,John Smith lives in Dhaka Bangladesh and email is john@yahoo.com,1
4389,Nusrat Jahan lives in Chittagong Bangladesh and email is john@yahoo.com,1
4390,David Miller lives in New York USA and email is rahim@gmail.com,1
4391,My name is John Smith and my phone number is 01955667788,1
4392,Nusrat Jahan lives in New York USA and email is john@yahoo.com,1
4393,My name is John Smith and my phone number is 01712345678,1
4394,amar email holo david@gmail.com,1
4395,My name is Karim Hasan and my phone number is 01955667788,1
4396,Contact me at david@gmail.com,1
4397,ami thaki New York USA,0
4398,Contact me at john@yahoo.com,1
4399,Contact me at david@gmail.com,1
4400,I live at Chittagong Bangladesh,0
4401,My NID number is 1234567890,1
4402,Nusrat Jahan lives in New York USA and email is rahim@gmail.com,1
4403,Rahim Ahmed lives in Chittagong Bangladesh and email is john@yahoo.com,1
4404,amar nam Karim Hasan amar phone 01712345678,1
4405,My NID number is 9876543210,1
4406,amar email holo john@yahoo.com,1
4407,Contact me at rahim@gmail.com,1
4408,I live at Chittagong Bangladesh,0
4409,amar email holo david@gmail.com,1
4410,My NID number is 9876543210,1
4411,John Smith lives in New York USA and email is rahim@gmail.com,1
4412,Rahim Ahmed lives in Chittagong Bangladesh and email is rahim@gmail.com,1
4413,amar email holo rahim@gmail.com,1
4414,Contact me at david@gmail.com,1
4415,Contact me at rahim@gmail.com,1
4416,Nusrat Jahan lives in New York USA and email is rahim@gmail.com,1
4417,amar nam Nusrat Jahan amar phone 01898765432,1
4418,amar nam David Miller amar phone 01955667788,1
4419,amar nam John Smith amar phone 01898765432,1
4420,ami thaki New York USA,0
4421,My NID number is 1234567890,1
4422,John Smith lives in Chittagong Bangladesh and email is john@yahoo.com,1
4423,amar email holo john@yahoo.com,1
4424,My name is Nusrat Jahan and my phone number is 01898765432,1
4425,amar email holo david@gmail.com,1
4426,Contact me at john@yahoo.com,1
4427,amar nam Karim Hasan amar phone 01712345678,1
4428,My name is John Smith and my phone number is 01898765432,1
4429,My NID number is 9876543210,1
4430,amar nam David Miller amar phone 01955667788,1
4431,ami thaki Chittagong Bangladesh,0
4432,amar nam David Miller amar phone 01712345678,1
4433,My name is David Miller and my phone number is 01712345678,1
4434,amar email holo david@gmail.com,1
4435,Contact me at david@gmail.com,1
4436,My NID number is 9876543210,1
4437,John Smith lives in Dhaka Bangladesh and email is david@gmail.com,1
4438,amar nam John Smith amar phone 01955667788,1
4439,My name is Karim Hasan and my phone number is 01955667788,1
4440,amar nam John Smith amar phone 01712345678,1
4441,amar email holo john@yahoo.com,1
4442,amar nam David Miller amar phone 01712345678,1
4443,amar nam Karim Hasan amar phone 01955667788,1
4444,I live at New York USA,0
4445,amar email holo john@yahoo.com,1
4446,ami thaki Dhaka Bangladesh,0
4447,amar nam Karim Hasan amar phone 01898765432,1
4448,I live at Chittagong Bangladesh,0
4449,amar nam Karim Hasan amar phone 01898765432,1
4450,My NID number is 9876543210,1
4451,Contact me at rahim@gmail.com,1
4452,Contact me at john@yahoo.com,1
4453,ami thaki Dhaka Bangladesh,0
4454,Karim Hasan lives in New York USA and email is david@gmail.com,1
4455,Contact me at rahim@gmail.com,1
4456,Contact me at rahim@gmail.com,1
4457,amar email holo david@gmail.com,1
4458,amar email holo david@gmail.com,1
4459,My NID number is 1234567890,1
4460,amar email holo john@yahoo.com,1
4461,My NID number is 1234567890,1
4462,ami thaki Dhaka Bangladesh,0
4463,ami thaki Dhaka Bangladesh,0
4464,My NID number is 1234567890,1
4465,John Smith lives in Dhaka Bangladesh and email is john@yahoo.com,1
4466,ami thaki Dhaka Bangladesh,0
4467,amar nam John Smith amar phone 01898765432,1
4468,ami thaki New York USA,0
4469,I live at New York USA,0
4470,amar nam Rahim Ahmed amar phone 01898765432,1
4471,I live at Chittagong Bangladesh,0
4472,My NID number is 1234567890,1
4473,amar email holo david@gmail.com,1
4474,Rahim Ahmed lives in Chittagong Bangladesh and email is john@yahoo.com,1
4475,amar email holo david@gmail.com,1
4476,Contact me at david@gmail.com,1
4477,amar email holo john@yahoo.com,1
4478,amar nam David Miller amar phone 01898765432,1
4479,Contact me at rahim@gmail.com,1
4480,ami thaki Chittagong Bangladesh,0
4481,I live at New York USA,0
4482,amar email holo david@gmail.com,1
4483,I live at New York USA,0
4484,John Smith lives in Dhaka Bangladesh and email is rahim@gmail.com,1
4485,ami thaki New York USA,0
4486,amar nam John Smith amar phone 01955667788,1
4487,My name is Rahim Ahmed and my phone number is 01712345678,1
4488,amar nam John Smith amar phone 01955667788,1
4489,I live at Dhaka Bangladesh,0
4490,Contact me at john@yahoo.com,1
4491,I live at Chittagong Bangladesh,0
4492,ami thaki Dhaka Bangladesh,0
4493,amar nam Nusrat Jahan amar phone 01955667788,1
4494,My NID number is 9876543210,1
4495,I live at Dhaka Bangladesh,0
4496,My NID number is 1234567890,1
4497,amar nam Karim Hasan amar phone 01712345678,1
4498,Contact me at david@gmail.com,1
4499,I live at New York USA,0
4500,ami thaki Dhaka Bangladesh,0
4501,amar nam Rahim Ahmed amar phone 01955667788,1
4502,ami thaki Chittagong Bangladesh,0
4503,amar email holo rahim@gmail.com,1
4504,My NID number is 9876543210,1
4505,My NID number is 9876543210,1
4506,Contact me at rahim@gmail.com,1
4507,My NID number is 1234567890,1
4508,My NID number is 9876543210,1
4509,I live at Chittagong Bangladesh,0
4510,amar email holo david@gmail.com,1
4511,amar email holo david@gmail.com,1
4512,I live at Chittagong Bangladesh,0
4513,amar nam David Miller amar phone 01898765432,1
4514,Contact me at john@yahoo.com,1
4515,amar email holo rahim@gmail.com,1
4516,amar email holo david@gmail.com,1
4517,ami thaki Dhaka Bangladesh,0
4518,Contact me at david@gmail.com,1
4519,amar email holo john@yahoo.com,1
4520,I live at Dhaka Bangladesh,0
4521,My NID number is 9876543210,1
4522,Contact me at rahim@gmail.com,1
4523,My name is Nusrat Jahan and my phone number is 01712345678,1
4524,My NID number is 9876543210,1
4525,amar nam Nusrat Jahan amar phone 01712345678,1
4526,amar nam Rahim Ahmed amar phone 01898765432,1
4527,Karim Hasan lives in New York USA and email is david@gmail.com,1
4528,I live at New York USA,0
4529,amar nam Nusrat Jahan amar phone 01712345678,1
4530,amar email holo john@yahoo.com,1
4531,amar nam David Miller amar phone 01712345678,1
4532,ami thaki New York USA,0
4533,Rahim Ahmed lives in Dhaka Bangladesh and email is rahim@gmail.com,1
4534,Contact me at david@gmail.com,1
4535,My NID number is 9876543210,1
4536,ami thaki New York USA,0
4537,amar nam Rahim Ahmed amar phone 01955667788,1
4538,I live at New York USA,0
4539,David Miller lives in Chittagong Bangladesh and email is rahim@gmail.com,1
4540,Contact me at david@gmail.com,1
4541,ami thaki Dhaka Bangladesh,0
4542,amar email holo rahim@gmail.com,1
4543,My name is Nusrat Jahan and my phone number is 01955667788,1
4544,John Smith lives in Chittagong Bangladesh and email is john@yahoo.com,1
4545,My NID number is 9876543210,1
4546,I live at New York USA,0
4547,amar nam David Miller amar phone 01955667788,1
4548,Contact me at david@gmail.com,1
4549,My NID number is 9876543210,1
4550,I live at New York USA,0
4551,ami thaki New York USA,0
4552,ami thaki Chittagong Bangladesh,0
4553,I live at New York USA,0
4554,amar nam Karim Hasan amar phone 01898765432,1
4555,amar email holo rahim@gmail.com,1
4556,My name is David Miller and my phone number is 01712345678,1
4557,amar nam John Smith amar phone 01955667788,1
4558,ami thaki New York USA,0
4559,amar nam Nusrat Jahan amar phone 01712345678,1
4560,Karim Hasan lives in Dhaka Bangladesh and email is john@yahoo.com,1
4561,ami thaki New York USA,0
4562,My NID number is 9876543210,1
4563,Rahim Ahmed lives in Chittagong Bangladesh and email is rahim@gmail.com,1
4564,I live at New York USA,0
4565,Contact me at john@yahoo.com,1
4566,ami thaki Dhaka Bangladesh,0
4567,My name is John Smith and my phone number is 01712345678,1
4568,I live at New York USA,0
4569,amar nam David Miller amar phone 01955667788,1
4570,amar nam David Miller amar phone 01955667788,1
4571,I live at Chittagong Bangladesh,0
4572,I live at New York USA,0
4573,ami thaki Dhaka Bangladesh,0
4574,Contact me at david@gmail.com,1
4575,Rahim Ahmed lives in New York USA and email is rahim@gmail.com,1
4576,I live at Dhaka Bangladesh,0
4577,I live at New York USA,0
4578,My name is John Smith and my phone number is 01898765432,1
4579,My name is John Smith and my phone number is 01712345678,1
4580,ami thaki Dhaka Bangladesh,0
4581,amar email holo david@gmail.com,1
4582,amar email holo john@yahoo.com,1
4583,My NID number is 1234567890,1
4584,Contact me at rahim@gmail.com,1
4585,amar nam John Smith amar phone 01955667788,1
4586,My NID number is 9876543210,1
4587,amar nam Rahim Ahmed amar phone 01955667788,1
4588,Nusrat Jahan lives in Dhaka Bangladesh and email is david@gmail.com,1
4589,My NID number is 1234567890,1
4590,Karim Hasan lives in New York USA and email is rahim@gmail.com,1
4591,My NID number is 9876543210,1
4592,amar nam Karim Hasan amar phone 01712345678,1
4593,My name is Rahim Ahmed and my phone number is 01712345678,1
4594,My NID number is 1234567890,1
4595,My name is David Miller and my phone number is 01955667788,1
4596,I live at New York USA,0
4597,Rahim Ahmed lives in New York USA and email is john@yahoo.com,1
4598,I live at New York USA,0
4599,My name is Karim Hasan and my phone number is 01898765432,1
4600,ami thaki Chittagong Bangladesh,0
4601,I live at Dhaka Bangladesh,0
4602,I live at Dhaka Bangladesh,0
4603,Contact me at david@gmail.com,1
4604,amar nam Karim Hasan amar phone 01898765432,1
4605,My name is Rahim Ahmed and my phone number is 01898765432,1
4606,ami thaki New York USA,0
4607,I live at Dhaka Bangladesh,0
4608,My NID number is 1234567890,1
4609,ami thaki Dhaka Bangladesh,0
4610,amar nam John Smith amar phone 01898765432,1
4611,My NID number is 1234567890,1
4612,My NID number is 9876543210,1
4613,My NID number is 9876543210,1
4614,My NID number is 9876543210,1
4615,Contact me at rahim@gmail.com,1
4616,ami thaki Chittagong Bangladesh,0
4617,Rahim Ahmed lives in New York USA and email is david@gmail.com,1
4618,Karim Hasan lives in Chittagong Bangladesh and email is david@gmail.com,1
4619,Contact me at rahim@gmail.com,1
4620,My NID number is 9876543210,1
4621,amar nam Rahim Ahmed amar phone 01898765432,1
4622,My NID number is 1234567890,1
4623,amar email holo john@yahoo.com,1
4624,ami thaki Dhaka Bangladesh,0
4625,My NID number is 1234567890,1
4626,My name is Rahim Ahmed and my phone number is 01898765432,1
4627,amar nam John Smith amar phone 01712345678,1
4628,My name is Rahim Ahmed and my phone number is 01955667788,1
4629,ami thaki Chittagong Bangladesh,0
4630,Karim Hasan lives in Chittagong Bangladesh and email is rahim@gmail.com,1
4631,amar nam Nusrat Jahan amar phone 01898765432,1
4632,I live at Chittagong Bangladesh,0
4633,amar nam Rahim Ahmed amar phone 01898765432,1
4634,I live at Dhaka Bangladesh,0
4635,amar nam Nusrat Jahan amar phone 01712345678,1
4636,amar nam Karim Hasan amar phone 01712345678,1
4637,amar email holo john@yahoo.com,1
4638,My NID number is 9876543210,1
4639,My NID number is 9876543210,1
4640,amar nam Karim Hasan amar phone 01955667788,1
4641,My NID number is 1234567890,1
4642,amar email holo david@gmail.com,1
4643,amar nam Nusrat Jahan amar phone 01898765432,1
4644,I live at New York USA,0
4645,amar email holo david@gmail.com,1
4646,Karim Hasan lives in Chittagong Bangladesh and email is david@gmail.com,1
4647,My name is Nusrat Jahan and my phone number is 01955667788,1
4648,I live at Dhaka Bangladesh,0
4649,Contact me at john@yahoo.com,1
4650,My name is John Smith and my phone number is 01955667788,1
4651,My name is John Smith and my phone number is 01712345678,1
4652,My NID number is 9876543210,1
4653,amar email holo john@yahoo.com,1
4654,My name is John Smith and my phone number is 01898765432,1
4655,John Smith lives in Dhaka Bangladesh and email is john@yahoo.com,1
4656,ami thaki Dhaka Bangladesh,0
4657,I live at Chittagong Bangladesh,0
4658,ami thaki New York USA,0
4659,My NID number is 9876543210,1
4660,amar nam Nusrat Jahan amar phone 01712345678,1
4661,My name is Nusrat Jahan and my phone number is 01712345678,1
4662,I live at New York USA,0
4663,ami thaki Dhaka Bangladesh,0
4664,amar email holo john@yahoo.com,1
4665,amar nam Nusrat Jahan amar phone 01712345678,1
4666,John Smith lives in New York USA and email is david@gmail.com,1
4667,ami thaki Dhaka Bangladesh,0
4668,My name is Rahim Ahmed and my phone number is 01712345678,1
4669,John Smith lives in Chittagong Bangladesh and email is john@yahoo.com,1
4670,Contact me at john@yahoo.com,1
4671,Rahim Ahmed lives in New York USA and email is david@gmail.com,1
4672,Contact me at john@yahoo.com,1
4673,ami thaki Dhaka Bangladesh,0
4674,My NID number is 1234567890,1
4675,Contact me at rahim@gmail.com,1
4676,amar email holo rahim@gmail.com,1
4677,My name is Rahim Ahmed and my phone number is 01955667788,1
4678,ami thaki Dhaka Bangladesh,0
4679,My NID number is 9876543210,1
4680,I live at Dhaka Bangladesh,0
4681,Contact me at rahim@gmail.com,1
4682,I live at Chittagong Bangladesh,0
4683,My name is Karim Hasan and my phone number is 01712345678,1
4684,David Miller lives in Chittagong Bangladesh and email is david@gmail.com,1
4685,I live at Chittagong Bangladesh,0
4686,My name is Karim Hasan and my phone number is 01955667788,1
4687,I live at Dhaka Bangladesh,0
4688,ami thaki Chittagong Bangladesh,0
4689,amar email holo john@yahoo.com,1
4690,My name is Rahim Ahmed and my phone number is 01955667788,1
4691,amar email holo david@gmail.com,1
4692,amar email holo rahim@gmail.com,1
4693,I live at Chittagong Bangladesh,0
4694,I live at Chittagong Bangladesh,0
4695,My NID number is 1234567890,1
4696,amar email holo john@yahoo.com,1
4697,amar email holo rahim@gmail.com,1
4698,amar nam Rahim Ahmed amar phone 01898765432,1
4699,I live at Dhaka Bangladesh,0
4700,John Smith lives in New York USA and email is john@yahoo.com,1
4701,amar email holo david@gmail.com,1
4702,David Miller lives in New York USA and email is rahim@gmail.com,1
4703,amar email holo rahim@gmail.com,1
4704,Contact me at david@gmail.com,1
4705,My NID number is 9876543210,1
4706,My NID number is 1234567890,1
4707,amar email holo john@yahoo.com,1
4708,Nusrat Jahan lives in Dhaka Bangladesh and email is rahim@gmail.com,1
4709,amar email holo john@yahoo.com,1
4710,amar email holo john@yahoo.com,1
4711,My NID number is 9876543210,1
4712,Contact me at rahim@gmail.com,1
4713,Contact me at john@yahoo.com,1
4714,amar nam Karim Hasan amar phone 01955667788,1
4715,I live at Chittagong Bangladesh,0
4716,My NID number is 9876543210,1
4717,My NID number is 1234567890,1
4718,Nusrat Jahan lives in Dhaka Bangladesh and email is rahim@gmail.com,1
4719,amar email holo david@gmail.com,1
4720,I live at New York USA,0
4721,My NID number is 1234567890,1
4722,Rahim Ahmed lives in Dhaka Bangladesh and email is john@yahoo.com,1
4723,ami thaki New York USA,0
4724,Rahim Ahmed lives in New York USA and email is john@yahoo.com,1
4725,amar email holo rahim@gmail.com,1
4726,amar email holo david@gmail.com,1
4727,amar nam John Smith amar phone 01712345678,1
4728,amar email holo david@gmail.com,1
4729,Rahim Ahmed lives in Chittagong Bangladesh and email is rahim@gmail.com,1
4730,ami thaki Chittagong Bangladesh,0
4731,Contact me at rahim@gmail.com,1
4732,amar nam John Smith amar phone 01898765432,1
4733,Contact me at john@yahoo.com,1
4734,amar email holo david@gmail.com,1
4735,My NID number is 1234567890,1
4736,My name is Rahim Ahmed and my phone number is 01712345678,1
4737,amar email holo rahim@gmail.com,1
4738,amar nam David Miller amar phone 01898765432,1
4739,amar email holo david@gmail.com,1
4740,amar email holo john@yahoo.com,1
4741,My NID number is 9876543210,1
4742,amar nam John Smith amar phone 01955667788,1
4743,My NID number is 9876543210,1
4744,Rahim Ahmed lives in Chittagong Bangladesh and email is john@yahoo.com,1
4745,amar email holo john@yahoo.com,1
4746,I live at Chittagong Bangladesh,0
4747,Contact me at john@yahoo.com,1
4748,amar nam John Smith amar phone 01898765432,1
4749,My NID number is 1234567890,1
4750,I live at New York USA,0
4751,Contact me at david@gmail.com,1
4752,Contact me at john@yahoo.com,1
4753,My NID number is 1234567890,1
4754,amar email holo rahim@gmail.com,1
4755,amar nam Karim Hasan amar phone 01955667788,1
4756,David Miller lives in Dhaka Bangladesh and email is david@gmail.com,1
4757,John Smith lives in Chittagong Bangladesh and email is john@yahoo.com,1
4758,My NID number is 9876543210,1
4759,amar email holo david@gmail.com,1
4760,I live at Dhaka Bangladesh,0
4761,ami thaki Chittagong Bangladesh,0
4762,My NID number is 9876543210,1
4763,My NID number is 9876543210,1
4764,amar nam John Smith amar phone 01712345678,1
4765,My name is Karim Hasan and my phone number is 01898765432,1
4766,My name is Rahim Ahmed and my phone number is 01898765432,1
4767,amar nam Karim Hasan amar phone 01712345678,1
4768,Nusrat Jahan lives in New York USA and email is john@yahoo.com,1
4769,My name is John Smith and my phone number is 01955667788,1
4770,ami thaki New York USA,0
4771,I live at Chittagong Bangladesh,0
4772,Contact me at rahim@gmail.com,1
4773,My NID number is 9876543210,1
4774,Contact me at john@yahoo.com,1
4775,I live at Dhaka Bangladesh,0
4776,David Miller lives in Dhaka Bangladesh and email is john@yahoo.com,1
4777,amar nam Rahim Ahmed amar phone 01955667788,1
4778,My NID number is 1234567890,1
4779,amar email holo rahim@gmail.com,1
4780,John Smith lives in Dhaka Bangladesh and email is john@yahoo.com,1
4781,I live at New York USA,0
4782,I live at Dhaka Bangladesh,0
4783,amar nam Rahim Ahmed amar phone 01898765432,1
4784,amar nam Karim Hasan amar phone 01712345678,1
4785,My name is Nusrat Jahan and my phone number is 01955667788,1
4786,My NID number is 1234567890,1
4787,amar email holo rahim@gmail.com,1
4788,ami thaki Chittagong Bangladesh,0
4789,amar nam John Smith amar phone 01955667788,1
4790,My NID number is 1234567890,1
4791,amar email holo rahim@gmail.com,1
4792,Contact me at john@yahoo.com,1
4793,My name is Nusrat Jahan and my phone number is 01955667788,1
4794,amar email holo john@yahoo.com,1
4795,Contact me at david@gmail.com,1
4796,amar email holo john@yahoo.com,1
4797,I live at New York USA,0
4798,ami thaki Chittagong Bangladesh,0
4799,Contact me at david@gmail.com,1
4800,My NID number is 9876543210,1
4801,My name is David Miller and my phone number is 01898765432,1
4802,Contact me at rahim@gmail.com,1
4803,I live at New York USA,0
4804,My NID number is 9876543210,1
4805,Nusrat Jahan lives in Chittagong Bangladesh and email is john@yahoo.com,1
4806,ami thaki New York USA,0
4807,amar email holo john@yahoo.com,1
4808,amar nam Karim Hasan amar phone 01955667788,1
4809,My name is John Smith and my phone number is 01712345678,1
4810,amar nam Nusrat Jahan amar phone 01955667788,1
4811,I live at Chittagong Bangladesh,0
4812,My name is Nusrat Jahan and my phone number is 01955667788,1
4813,amar nam John Smith amar phone 01898765432,1
4814,amar email holo david@gmail.com,1
4815,I live at Chittagong Bangladesh,0
4816,My name is John Smith and my phone number is 01712345678,1
4817,My NID number is 1234567890,1
4818,amar nam John Smith amar phone 01955667788,1
4819,David Miller lives in New York USA and email is john@yahoo.com,1
4820,My NID number is 1234567890,1
4821,amar email holo john@yahoo.com,1
4822,Karim Hasan lives in Chittagong Bangladesh and email is rahim@gmail.com,1
4823,amar nam David Miller amar phone 01898765432,1
4824,My NID number is 9876543210,1
4825,I live at Dhaka Bangladesh,0
4826,I live at Dhaka Bangladesh,0
4827,amar email holo john@yahoo.com,1
4828,Rahim Ahmed lives in Chittagong Bangladesh and email is rahim@gmail.com,1
4829,My NID number is 9876543210,1
4830,Contact me at john@yahoo.com,1
4831,Contact me at david@gmail.com,1
4832,amar nam David Miller amar phone 01898765432,1
4833,My name is David Miller and my phone number is 01898765432,1
4834,amar email holo david@gmail.com,1
4835,My NID number is 1234567890,1
4836,I live at Dhaka Bangladesh,0
4837,ami thaki Chittagong Bangladesh,0
4838,amar nam Rahim Ahmed amar phone 01955667788,1
4839,My name is David Miller and my phone number is 01898765432,1
4840,amar email holo john@yahoo.com,1
4841,Contact me at rahim@gmail.com,1
4842,Karim Hasan lives in Chittagong Bangladesh and email is david@gmail.com,1
4843,Nusrat Jahan lives in Chittagong Bangladesh and email is rahim@gmail.com,1
4844,amar email holo david@gmail.com,1
4845,I live at Dhaka Bangladesh,0
4846,ami thaki New York USA,0
4847,My NID number is 1234567890,1
4848,amar email holo rahim@gmail.com,1
4849,My name is John Smith and my phone number is 01898765432,1
4850,My NID number is 1234567890,1
4851,I live at Chittagong Bangladesh,0
4852,amar nam Karim Hasan amar phone 01898765432,1
4853,amar nam David Miller amar phone 01712345678,1
4854,amar email holo rahim@gmail.com,1
4855,My NID number is 9876543210,1
4856,amar nam John Smith amar phone 01955667788,1
4857,I live at New York USA,0
4858,My NID number is 9876543210,1
4859,amar email holo david@gmail.com,1
4860,amar nam David Miller amar phone 01712345678,1
4861,I live at Dhaka Bangladesh,0
4862,ami thaki Dhaka Bangladesh,0
4863,amar email holo rahim@gmail.com,1
4864,My name is Rahim Ahmed and my phone number is 01712345678,1
4865,My NID number is 9876543210,1
4866,Contact me at rahim@gmail.com,1
4867,amar email holo david@gmail.com,1
4868,I live at Dhaka Bangladesh,0
4869,I live at New York USA,0
4870,My NID number is 9876543210,1
4871,David Miller lives in Dhaka Bangladesh and email is rahim@gmail.com,1
4872,My NID number is 9876543210,1
4873,amar email holo john@yahoo.com,1
4874,Karim Hasan lives in Dhaka Bangladesh and email is david@gmail.com,1
4875,David Miller lives in New York USA and email is john@yahoo.com,1
4876,Karim Hasan lives in Chittagong Bangladesh and email is rahim@gmail.com,1
4877,ami thaki Dhaka Bangladesh,0
4878,I live at Chittagong Bangladesh,0
4879,Contact me at john@yahoo.com,1
4880,My NID number is 9876543210,1
4881,ami thaki Chittagong Bangladesh,0
4882,ami thaki Dhaka Bangladesh,0
4883,ami thaki Dhaka Bangladesh,0
4884,Contact me at david@gmail.com,1
4885,Contact me at rahim@gmail.com,1
4886,Karim Hasan lives in Dhaka Bangladesh and email is john@yahoo.com,1
4887,amar nam David Miller amar phone 01955667788,1
4888,My name is David Miller and my phone number is 01955667788,1
4889,Contact me at rahim@gmail.com,1
4890,My name is John Smith and my phone number is 01955667788,1
4891,My NID number is 1234567890,1
4892,ami thaki New York USA,0
4893,My NID number is 1234567890,1
4894,ami thaki Chittagong Bangladesh,0
4895,amar nam Karim Hasan amar phone 01712345678,1
4896,My name is John Smith and my phone number is 01955667788,1
4897,Karim Hasan lives in Dhaka Bangladesh and email is john@yahoo.com,1
4898,I live at Dhaka Bangladesh,0
4899,Contact me at david@gmail.com,1
4900,I live at New York USA,0
4901,amar nam Karim Hasan amar phone 01955667788,1
4902,Contact me at john@yahoo.com,1
4903,ami thaki New York USA,0
4904,My NID number is 9876543210,1
4905,ami thaki Dhaka Bangladesh,0
4906,My NID number is 1234567890,1
4907,My NID number is 1234567890,1
4908,My NID number is 9876543210,1
4909,Nusrat Jahan lives in New York USA and email is rahim@gmail.com,1
4910,amar nam David Miller amar phone 01955667788,1
4911,ami thaki Dhaka Bangladesh,0
4912,I live at Chittagong Bangladesh,0
4913,Nusrat Jahan lives in Chittagong Bangladesh and email is rahim@gmail.com,1
4914,I live at Chittagong Bangladesh,0
4915,I live at New York USA,0
4916,amar nam Karim Hasan amar phone 01712345678,1
4917,amar nam Nusrat Jahan amar phone 01712345678,1
4918,My name is Karim Hasan and my phone number is 01955667788,1
4919,John Smith lives in Chittagong Bangladesh and email is david@gmail.com,1
4920,amar email holo david@gmail.com,1
4921,I live at Chittagong Bangladesh,0
4922,amar nam Rahim Ahmed amar phone 01955667788,1
4923,ami thaki Dhaka Bangladesh,0
4924,Contact me at david@gmail.com,1
4925,amar email holo david@gmail.com,1
4926,David Miller lives in Dhaka Bangladesh and email is john@yahoo.com,1
4927,My NID number is 9876543210,1
4928,ami thaki New York USA,0
4929,ami thaki Chittagong Bangladesh,0
4930,Karim Hasan lives in Chittagong Bangladesh and email is david@gmail.com,1
4931,amar nam Karim Hasan amar phone 01898765432,1
4932,ami thaki Chittagong Bangladesh,0
4933,My name is Karim Hasan and my phone number is 01712345678,1
4934,My NID number is 1234567890,1
4935,My name is Nusrat Jahan and my phone number is 01955667788,1
4936,My name is Karim Hasan and my phone number is 01898765432,1
4937,Contact me at david@gmail.com,1
4938,My NID number is 1234567890,1
4939,My name is Karim Hasan and my phone number is 01898765432,1
4940,Rahim Ahmed lives in New York USA and email is david@gmail.com,1
4941,amar nam Rahim Ahmed amar phone 01955667788,1
4942,amar nam Nusrat Jahan amar phone 01712345678,1
4943,John Smith lives in Chittagong Bangladesh and email is rahim@gmail.com,1
4944,John Smith lives in Chittagong Bangladesh and email is rahim@gmail.com,1
4945,My NID number is 1234567890,1
4946,amar email holo david@gmail.com,1
4947,My name is John Smith and my phone number is 01898765432,1
4948,ami thaki Dhaka Bangladesh,0
4949,amar nam David Miller amar phone 01712345678,1
4950,amar nam David Miller amar phone 01955667788,1
4951,ami thaki Chittagong Bangladesh,0
4952,Contact me at david@gmail.com,1
4953,Contact me at john@yahoo.com,1
4954,My name is David Miller and my phone number is 01955667788,1
4955,Contact me at rahim@gmail.com,1
4956,My name is John Smith and my phone number is 01955667788,1
4957,ami thaki Dhaka Bangladesh,0
4958,I live at Dhaka Bangladesh,0
4959,My NID number is 1234567890,1
4960,amar email holo john@yahoo.com,1
4961,My name is Nusrat Jahan and my phone number is 01898765432,1
4962,Contact me at david@gmail.com,1
4963,My NID number is 9876543210,1
4964,My name is Nusrat Jahan and my phone number is 01898765432,1
4965,ami thaki Dhaka Bangladesh,0
4966,My name is Nusrat Jahan and my phone number is 01712345678,1
4967,My name is Nusrat Jahan and my phone number is 01955667788,1
4968,I live at Dhaka Bangladesh,0
4969,I live at New York USA,0
4970,I live at Chittagong Bangladesh,0
4971,ami thaki Chittagong Bangladesh,0
4972,amar email holo david@gmail.com,1
4973,Nusrat Jahan lives in New York USA and email is rahim@gmail.com,1
4974,My NID number is 9876543210,1
4975,amar email holo david@gmail.com,1
4976,David Miller lives in New York USA and email is john@yahoo.com,1
4977,ami thaki Chittagong Bangladesh,0
4978,amar nam Nusrat Jahan amar phone 01712345678,1
4979,Contact me at david@gmail.com,1
4980,amar nam John Smith amar phone 01712345678,1
4981,amar nam Nusrat Jahan amar phone 01955667788,1
4982,My NID number is 1234567890,1
4983,My NID number is 9876543210,1
4984,John Smith lives in New York USA and email is rahim@gmail.com,1
4985,amar email holo rahim@gmail.com,1
4986,I live at New York USA,0
4987,amar email holo david@gmail.com,1
4988,amar email holo rahim@gmail.com,1
4989,Contact me at rahim@gmail.com,1
4990,My NID number is 1234567890,1
4991,ami thaki Dhaka Bangladesh,0
4992,Nusrat Jahan lives in Dhaka Bangladesh and email is rahim@gmail.com,1
4993,My name is John Smith and my phone number is 01712345678,1
4994,I live at Chittagong Bangladesh,0
4995,amar nam John Smith amar phone 01898765432,1
4996,I live at Chittagong Bangladesh,0
4997,amar nam David Miller amar phone 01955667788,1
4998,Rahim Ahmed lives in Chittagong Bangladesh and email is david@gmail.com,1
4999,David Miller lives in Chittagong Bangladesh and email is john@yahoo.com,1
5000,The university campus is large,0
5001,I am studying computer science,0
5002,The university campus is large,0
5003,The university campus is large,0
5004,I like learning NLP,0
5005,I like learning NLP,0
5006,Today is a beautiful day,0
5007,The university campus is large,0
5008,I like learning NLP,0
5009,I like learning NLP,0
5010,I like learning NLP,0
5011,Today is a beautiful day,0
5012,Machine learning is interesting,0
5013,I am studying computer science,0
5014,Machine learning is interesting,0
5015,The university campus is large,0
5016,Machine learning is interesting,0
5017,I am studying computer science,0
5018,Machine learning is interesting,0
5019,Machine learning is interesting,0
5020,I like learning NLP,0
5021,I like learning NLP,0
5022,I am studying computer science,0
5023,Today is a beautiful day,0
5024,I like learning NLP,0
5025,The university campus is large,0
5026,The university campus is large,0
5027,I am studying computer science,0
5028,Machine learning is interesting,0
5029,I like learning NLP,0
5030,Today is a beautiful day,0
5031,Machine learning is interesting,0
5032,I am studying computer science,0
5033,I am studying computer science,0
5034,The university campus is large,0
5035,Machine learning is interesting,0
5036,The university campus is large,0
5037,Machine learning is interesting,0
5038,Machine learning is interesting,0
5039,I like learning NLP,0
5040,I am studying computer science,0
5041,Machine learning is interesting,0
5042,The university campus is large,0
5043,I like learning NLP,0
5044,Machine learning is interesting,0
5045,I like learning NLP,0
5046,Today is a beautiful day,0
5047,I am studying computer science,0
5048,I am studying computer science,0
5049,I am studying computer science,0
5050,I like learning NLP,0
5051,The university campus is large,0
5052,I am studying computer science,0
5053,Today is a beautiful day,0
5054,I am studying computer science,0
5055,Machine learning is interesting,0
5056,Today is a beautiful day,0
5057,The university campus is large,0
5058,The university campus is large,0
5059,Machine learning is interesting,0
5060,I am studying computer science,0
5061,Today is a beautiful day,0
5062,The university campus is large,0
5063,The university campus is large,0
5064,I like learning NLP,0
5065,The university campus is large,0
5066,Today is a beautiful day,0
5067,I am studying computer science,0
5068,I like learning NLP,0
5069,Today is a beautiful day,0
5070,Machine learning is interesting,0
5071,I like learning NLP,0
5072,Machine learning is interesting,0
5073,Machine learning is interesting,0
5074,I am studying computer science,0
5075,Machine learning is interesting,0
5076,Machine learning is interesting,0
5077,The university campus is large,0
5078,The university campus is large,0
5079,I am studying computer science,0
5080,I like learning NLP,0
5081,Today is a beautiful day,0
5082,I am studying computer science,0
5083,I am studying computer science,0
5084,I like learning NLP,0
5085,I like learning NLP,0
5086,I like learning NLP,0
5087,Machine learning is interesting,0
5088,I am studying computer science,0
5089,The university campus is large,0
5090,Today is a beautiful day,0
5091,I like learning NLP,0
5092,I am studying computer science,0
5093,The university campus is large,0
5094,Machine learning is interesting,0
5095,I am studying computer science,0
5096,Machine learning is interesting,0
5097,Today is a beautiful day,0
5098,I am studying computer science,0
5099,The university campus is large,0
5100,The university campus is large,0
5101,I am studying computer science,0
5102,Machine learning is interesting,0
5103,The university campus is large,0
5104,I like learning NLP,0
5105,I am studying computer science,0
5106,I am studying computer science,0
5107,Today is a beautiful day,0
5108,Today is a beautiful day,0
5109,The university campus is large,0
5110,The university campus is large,0
5111,The university campus is large,0
5112,I am studying computer science,0
5113,Machine learning is interesting,0
5114,I like learning NLP,0
5115,I like learning NLP,0
5116,The university campus is large,0
5117,I like learning NLP,0
5118,I like learning NLP,0
5119,Machine learning is interesting,0
5120,The university campus is large,0
5121,The university campus is large,0
5122,I like learning NLP,0
5123,I like learning NLP,0
5124,Machine learning is interesting,0
5125,I am studying computer science,0
5126,Machine learning is interesting,0
5127,The university campus is large,0
5128,Machine learning is interesting,0
5129,Today is a beautiful day,0
5130,Today is a beautiful day,0
5131,I am studying computer science,0
5132,I like learning NLP,0
5133,Today is a beautiful day,0
5134,Today is a beautiful day,0
5135,The university campus is large,0
5136,I am studying computer science,0
5137,Machine learning is interesting,0
5138,I am studying computer science,0
5139,The university campus is large,0
5140,I like learning NLP,0
5141,Machine learning is interesting,0
5142,I like learning NLP,0
5143,I like learning NLP,0
5144,I like learning NLP,0
5145,Machine learning is interesting,0
5146,I like learning NLP,0
5147,The university campus is large,0
5148,I like learning NLP,0
5149,Machine learning is interesting,0
5150,Machine learning is interesting,0
5151,I like learning NLP,0
5152,I like learning NLP,0
5153,I am studying computer science,0
5154,I like learning NLP,0
5155,I am studying computer science,0
5156,The university campus is large,0
5157,The university campus is large,0
5158,I am studying computer science,0
5159,I like learning NLP,0
5160,Today is a beautiful day,0
5161,Today is a beautiful day,0
5162,I am studying computer science,0
5163,The university campus is large,0
5164,The university campus is large,0
5165,The university campus is large,0
5166,I like learning NLP,0
5167,I like learning NLP,0
5168,I like learning NLP,0
5169,Today is a beautiful day,0
5170,I am studying computer science,0
5171,The university campus is large,0
5172,The university campus is large,0
5173,Today is a beautiful day,0
5174,The university campus is large,0
5175,Machine learning is interesting,0
5176,I like learning NLP,0
5177,I like learning NLP,0
5178,Today is a beautiful day,0
5179,I am studying computer science,0
5180,The university campus is large,0
5181,I like learning NLP,0
5182,The university campus is large,0
5183,Machine learning is interesting,0
5184,Today is a beautiful day,0
5185,Machine learning is interesting,0
5186,I am studying computer science,0
5187,I am studying computer science,0
5188,The university campus is large,0
5189,The university campus is large,0
5190,I like learning NLP,0
5191,Machine learning is interesting,0
5192,Machine learning is interesting,0
5193,Today is a beautiful day,0
5194,The university campus is large,0
5195,I like learning NLP,0
5196,I like learning NLP,0
5197,Machine learning is interesting,0
5198,The university campus is large,0
5199,I am studying computer science,0
5200,The university campus is large,0
5201,Machine learning is interesting,0
5202,Today is a beautiful day,0
5203,The university campus is large,0
5204,I like learning NLP,0
5205,I am studying computer science,0
5206,I am studying computer science,0
5207,I am studying computer science,0
5208,Machine learning is interesting,0
5209,Machine learning is interesting,0
5210,I like learning NLP,0
5211,Today is a beautiful day,0
5212,I like learning NLP,0
5213,The university campus is large,0
5214,I like learning NLP,0
5215,Machine learning is interesting,0
5216,Today is a beautiful day,0
5217,The university campus is large,0
5218,I like learning NLP,0
5219,The university campus is large,0
5220,Today is a beautiful day,0
5221,Machine learning is interesting,0
5222,I like learning NLP,0
5223,Today is a beautiful day,0
5224,I like learning NLP,0
5225,Today is a beautiful day,0
5226,Today is a beautiful day,0
5227,I like learning NLP,0
5228,Machine learning is interesting,0
5229,I am studying computer science,0
5230,Machine learning is interesting,0
5231,The university campus is large,0
5232,I am studying computer science,0
5233,I like learning NLP,0
5234,I am studying computer science,0
5235,The university campus is large,0
5236,I like learning NLP,0
5237,Today is a beautiful day,0
5238,Machine learning is interesting,0
5239,The university campus is large,0
5240,Machine learning is interesting,0
5241,I am studying computer science,0
5242,I like learning NLP,0
5243,The university campus is large,0
5244,Today is a beautiful day,0
5245,The university campus is large,0
5246,I like learning NLP,0
5247,Machine learning is interesting,0
5248,The university campus is large,0
5249,I am studying computer science,0
5250,The university campus is large,0
5251,I like learning NLP,0
5252,Machine learning is interesting,0
5253,I am studying computer science,0
5254,Today is a beautiful day,0
5255,I like learning NLP,0
5256,I am studying computer science,0
5257,I am studying computer science,0
5258,I like learning NLP,0
5259,Today is a beautiful day,0
5260,I like learning NLP,0
5261,The university campus is large,0
5262,Today is a beautiful day,0
5263,I am studying computer science,0
5264,The university campus is large,0
5265,Machine learning is interesting,0
5266,The university campus is large,0
5267,Today is a beautiful day,0
5268,Machine learning is interesting,0
5269,Today is a beautiful day,0
5270,Machine learning is interesting,0
5271,Machine learning is interesting,0
5272,The university campus is large,0
5273,I like learning NLP,0
5274,Machine learning is interesting,0
5275,Today is a beautiful day,0
5276,Today is a beautiful day,0
5277,Today is a beautiful day,0
5278,The university campus is large,0
5279,Machine learning is interesting,0
5280,Today is a beautiful day,0
5281,The university campus is large,0
5282,Today is a beautiful day,0
5283,I am studying computer science,0
5284,Today is a beautiful day,0
5285,Today is a beautiful day,0
5286,The university campus is large,0
5287,I am studying computer science,0
5288,I am studying computer science,0
5289,I like learning NLP,0
5290,Machine learning is interesting,0
5291,The university campus is large,0
5292,Machine learning is interesting,0
5293,I am studying computer science,0
5294,I am studying computer science,0
5295,Machine learning is interesting,0
5296,I am studying computer science,0
5297,Today is a beautiful day,0
5298,The university campus is large,0
5299,I am studying computer science,0
5300,Today is a beautiful day,0
5301,I am studying computer science,0
5302,Machine learning is interesting,0
5303,I am studying computer science,0
5304,Today is a beautiful day,0
5305,I like learning NLP,0
5306,Machine learning is interesting,0
5307,Today is a beautiful day,0
5308,I am studying computer science,0
5309,Machine learning is interesting,0
5310,I am studying computer science,0
5311,Machine learning is interesting,0
5312,I like learning NLP,0
5313,I am studying computer science,0
5314,I like learning NLP,0
5315,I am studying computer science,0
5316,The university campus is large,0
5317,The university campus is large,0
5318,Machine learning is interesting,0
5319,I like learning NLP,0
5320,Today is a beautiful day,0
5321,I like learning NLP,0
5322,I like learning NLP,0
5323,The university campus is large,0
5324,Today is a beautiful day,0
5325,Today is a beautiful day,0
5326,I like learning NLP,0
5327,Machine learning is interesting,0
5328,Today is a beautiful day,0
5329,The university campus is large,0
5330,Machine learning is interesting,0
5331,I am studying computer science,0
5332,The university campus is large,0
5333,I like learning NLP,0
5334,Machine learning is interesting,0
5335,I like learning NLP,0
5336,I like learning NLP,0
5337,I like learning NLP,0
5338,I like learning NLP,0
5339,I am studying computer science,0
5340,Today is a beautiful day,0
5341,Today is a beautiful day,0
5342,I like learning NLP,0
5343,I am studying computer science,0
5344,The university campus is large,0
5345,Today is a beautiful day,0
5346,I like learning NLP,0
5347,Machine learning is interesting,0
5348,The university campus is large,0
5349,The university campus is large,0
5350,I am studying computer science,0
5351,Machine learning is interesting,0
5352,Today is a beautiful day,0
5353,The university campus is large,0
5354,Machine learning is interesting,0
5355,Machine learning is interesting,0
5356,I like learning NLP,0
5357,I like learning NLP,0
5358,The university campus is large,0
5359,I like learning NLP,0
5360,Today is a beautiful day,0
5361,I like learning NLP,0
5362,I like learning NLP,0
5363,I am studying computer science,0
5364,Machine learning is interesting,0
5365,I like learning NLP,0
5366,I am studying computer science,0
5367,The university campus is large,0
5368,The university campus is large,0
5369,I am studying computer science,0
5370,Today is a beautiful day,0
5371,I am studying computer science,0
5372,I am studying computer science,0
5373,Today is a beautiful day,0
5374,I am studying computer science,0
5375,Machine learning is interesting,0
5376,The university campus is large,0
5377,I am studying computer science,0
5378,Machine learning is interesting,0
5379,Machine learning is interesting,0
5380,I am studying computer science,0
5381,Today is a beautiful day,0
5382,Machine learning is interesting,0
5383,The university campus is large,0
5384,The university campus is large,0
5385,I like learning NLP,0
5386,Machine learning is interesting,0
5387,I like learning NLP,0
5388,Today is a beautiful day,0
5389,The university campus is large,0
5390,I am studying computer science,0
5391,Today is a beautiful day,0
5392,I like learning NLP,0
5393,Today is a beautiful day,0
5394,I like learning NLP,0
5395,Machine learning is interesting,0
5396,I am studying computer science,0
5397,I am studying computer science,0
5398,The university campus is large,0
5399,The university campus is large,0
5400,I am studying computer science,0
5401,Machine learning is interesting,0
5402,Today is a beautiful day,0
5403,Today is a beautiful day,0
5404,Machine learning is interesting,0
5405,The university campus is large,0
5406,I am studying computer science,0
5407,The university campus is large,0
5408,Today is a beautiful day,0
5409,Today is a beautiful day,0
5410,I like learning NLP,0
5411,I am studying computer science,0
5412,The university campus is large,0
5413,The university campus is large,0
5414,I am studying computer science,0
5415,I like learning NLP,0
5416,The university campus is large,0
5417,Machine learning is interesting,0
5418,The university campus is large,0
5419,The university campus is large,0
5420,The university campus is large,0
5421,I am studying computer science,0
5422,I like learning NLP,0
5423,Today is a beautiful day,0
5424,Today is a beautiful day,0
5425,Today is a beautiful day,0
5426,I am studying computer science,0
5427,Today is a beautiful day,0
5428,Machine learning is interesting,0
5429,The university campus is large,0
5430,I am studying computer science,0
5431,I like learning NLP,0
5432,I like learning NLP,0
5433,I am studying computer science,0
5434,Today is a beautiful day,0
5435,I am studying computer science,0
5436,The university campus is large,0
5437,I am studying computer science,0
5438,Today is a beautiful day,0
5439,Machine learning is interesting,0
5440,Machine learning is interesting,0
5441,I am studying computer science,0
5442,I like learning NLP,0
5443,Today is a beautiful day,0
5444,Machine learning is interesting,0
5445,The university campus is large,0
5446,Today is a beautiful day,0
5447,I like learning NLP,0
5448,I am studying computer science,0
5449,The university campus is large,0
5450,Machine learning is interesting,0
5451,I like learning NLP,0
5452,I am studying computer science,0
5453,The university campus is large,0
5454,Today is a beautiful day,0
5455,The university campus is large,0
5456,I like learning NLP,0
5457,Today is a beautiful day,0
5458,I like learning NLP,0
5459,I am studying computer science,0
5460,I like learning NLP,0
5461,Machine learning is interesting,0
5462,I am studying computer science,0
5463,I am studying computer science,0
5464,I am studying computer science,0
5465,The university campus is large,0
5466,Today is a beautiful day,0
5467,The university campus is large,0
5468,I like learning NLP,0
5469,I am studying computer science,0
5470,Today is a beautiful day,0
5471,I like learning NLP,0
5472,The university campus is large,0
5473,The university campus is large,0
5474,I am studying computer science,0
5475,I like learning NLP,0
5476,I am studying computer science,0
5477,Machine learning is interesting,0
5478,Today is a beautiful day,0
5479,I am studying computer science,0
5480,Machine learning is interesting,0
5481,I like learning NLP,0
5482,I like learning NLP,0
5483,I am studying computer science,0
5484,Machine learning is interesting,0
5485,I am studying computer science,0
5486,The university campus is large,0
5487,I am studying computer science,0
5488,The university campus is large,0
5489,Machine learning is interesting,0
5490,I am studying computer science,0
5491,The university campus is large,0
5492,The university campus is large,0
5493,Today is a beautiful day,0
5494,I am studying computer science,0
5495,The university campus is large,0
5496,Today is a beautiful day,0
5497,I am studying computer science,0
5498,Machine learning is interesting,0
5499,Today is a beautiful day,0
5500,Today is a beautiful day,0
5501,The university campus is large,0
5502,The university campus is large,0
5503,Today is a beautiful day,0
5504,Machine learning is interesting,0
5505,I like learning NLP,0
5506,I am studying computer science,0
5507,The university campus is large,0
5508,The university campus is large,0
5509,The university campus is large,0
5510,Today is a beautiful day,0
5511,I am studying computer science,0
5512,I like learning NLP,0
5513,I am studying computer science,0
5514,The university campus is large,0
5515,I like learning NLP,0
5516,Today is a beautiful day,0
5517,I like learning NLP,0
5518,Machine learning is interesting,0
5519,Machine learning is interesting,0
5520,Today is a beautiful day,0
5521,The university campus is large,0
5522,The university campus is large,0
5523,I like learning NLP,0
5524,Today is a beautiful day,0
5525,Machine learning is interesting,0
5526,The university campus is large,0
5527,Machine learning is interesting,0
5528,Today is a beautiful day,0
5529,I am studying computer science,0
5530,I am studying computer science,0
5531,I like learning NLP,0
5532,Today is a beautiful day,0
5533,Today is a beautiful day,0
5534,Today is a beautiful day,0
5535,I like learning NLP,0
5536,I am studying computer science,0
5537,The university campus is large,0
5538,I like learning NLP,0
5539,I like learning NLP,0
5540,Machine learning is interesting,0
5541,The university campus is large,0
5542,Machine learning is interesting,0
5543,I like learning NLP,0
5544,The university campus is large,0
5545,I like learning NLP,0
5546,The university campus is large,0
5547,I like learning NLP,0
5548,The university campus is large,0
5549,I like learning NLP,0
5550,Machine learning is interesting,0
5551,I am studying computer science,0
5552,Today is a beautiful day,0
5553,The university campus is large,0
5554,I am studying computer science,0
5555,I am studying computer science,0
5556,Today is a beautiful day,0
5557,The university campus is large,0
5558,I like learning NLP,0
5559,The university campus is large,0
5560,I am studying computer science,0
5561,Machine learning is interesting,0
5562,Machine learning is interesting,0
5563,Machine learning is interesting,0
5564,Today is a beautiful day,0
5565,I am studying computer science,0
5566,The university campus is large,0
5567,Today is a beautiful day,0
5568,The university campus is large,0
5569,Machine learning is interesting,0
5570,Today is a beautiful day,0
5571,Machine learning is interesting,0
5572,I am studying computer science,0
5573,The university campus is large,0
5574,Today is a beautiful day,0
5575,The university campus is large,0
5576,I like learning NLP,0
5577,I am studying computer science,0
5578,Today is a beautiful day,0
5579,I like learning NLP,0
5580,I am studying computer science,0
5581,Today is a beautiful day,0
5582,I like learning NLP,0
5583,The university campus is large,0
5584,I am studying computer science,0
5585,I like learning NLP,0
5586,Today is a beautiful day,0
5587,Today is a beautiful day,0
5588,Today is a beautiful day,0
5589,Today is a beautiful day,0
5590,Machine learning is interesting,0
5591,I like learning NLP,0
5592,I like learning NLP,0
5593,The university campus is large,0
5594,Today is a beautiful day,0
5595,Today is a beautiful day,0
5596,The university campus is large,0
5597,The university campus is large,0
5598,Machine learning is interesting,0
5599,The university campus is large,0
5600,Today is a beautiful day,0
5601,Today is a beautiful day,0
5602,The university campus is large,0
5603,The university campus is large,0
5604,I am studying computer science,0
5605,Today is a beautiful day,0
5606,I like learning NLP,0
5607,I like learning NLP,0
5608,I am studying computer science,0
5609,Machine learning is interesting,0
5610,I am studying computer science,0
5611,Machine learning is interesting,0
5612,The university campus is large,0
5613,I like learning NLP,0
5614,The university campus is large,0
5615,Today is a beautiful day,0
5616,I am studying computer science,0
5617,I am studying computer science,0
5618,Today is a beautiful day,0
5619,The university campus is large,0
5620,The university campus is large,0
5621,I like learning NLP,0
5622,The university campus is large,0
5623,I am studying computer science,0
5624,I am studying computer science,0
5625,I like learning NLP,0
5626,I am studying computer science,0
5627,Machine learning is interesting,0
5628,Machine learning is interesting,0
5629,I like learning NLP,0
5630,The university campus is large,0
5631,Machine learning is interesting,0
5632,I am studying computer science,0
5633,The university campus is large,0
5634,The university campus is large,0
5635,The university campus is large,0
5636,Today is a beautiful day,0
5637,I am studying computer science,0
5638,I am studying computer science,0
5639,Today is a beautiful day,0
5640,I am studying computer science,0
5641,I am studying computer science,0
5642,I am studying computer science,0
5643,The university campus is large,0
5644,The university campus is large,0
5645,I am studying computer science,0
5646,I like learning NLP,0
5647,I like learning NLP,0
5648,I like learning NLP,0
5649,I like learning NLP,0
5650,I like learning NLP,0
5651,Machine learning is interesting,0
5652,Machine learning is interesting,0
5653,I am studying computer science,0
5654,The university campus is large,0
5655,I am studying computer science,0
5656,The university campus is large,0
5657,Today is a beautiful day,0
5658,The university campus is large,0
5659,I like learning NLP,0
5660,I am studying computer science,0
5661,Today is a beautiful day,0
5662,Machine learning is interesting,0
5663,I like learning NLP,0
5664,The university campus is large,0
5665,Today is a beautiful day,0
5666,The university campus is large,0
5667,Machine learning is interesting,0
5668,I am studying computer science,0
5669,Machine learning is interesting,0
5670,I am studying computer science,0
5671,The university campus is large,0
5672,I am studying computer science,0
5673,I like learning NLP,0
5674,The university campus is large,0
5675,I like learning NLP,0
5676,I like learning NLP,0
5677,Today is a beautiful day,0
5678,The university campus is large,0
5679,I like learning NLP,0
5680,Today is a beautiful day,0
5681,I like learning NLP,0
5682,I am studying computer science,0
5683,I am studying computer science,0
5684,I am studying computer science,0
5685,I like learning NLP,0
5686,The university campus is large,0
5687,Today is a beautiful day,0
5688,I like learning NLP,0
5689,The university campus is large,0
5690,Machine learning is interesting,0
5691,Machine learning is interesting,0
5692,Today is a beautiful day,0
5693,The university campus is large,0
5694,Machine learning is interesting,0
5695,I like learning NLP,0
5696,I like learning NLP,0
5697,I like learning NLP,0
5698,The university campus is large,0
5699,The university campus is large,0
5700,The university campus is large,0
5701,I am studying computer science,0
5702,I like learning NLP,0
5703,I like learning NLP,0
5704,I like learning NLP,0
5705,I am studying computer science,0
5706,I like learning NLP,0
5707,The university campus is large,0
5708,I like learning NLP,0
5709,I like learning NLP,0
5710,Machine learning is interesting,0
5711,I like learning NLP,0
5712,I like learning NLP,0
5713,I like learning NLP,0
5714,I am studying computer science,0
5715,The university campus is large,0
5716,I like learning NLP,0
5717,I like learning NLP,0
5718,The university campus is large,0
5719,Machine learning is interesting,0
5720,The university campus is large,0
5721,I am studying computer science,0
5722,Machine learning is interesting,0
5723,I like learning NLP,0
5724,Machine learning is interesting,0
5725,I am studying computer science,0
5726,Machine learning is interesting,0
5727,Today is a beautiful day,0
5728,I like learning NLP,0
5729,I like learning NLP,0
5730,The university campus is large,0
5731,I like learning NLP,0
5732,Machine learning is interesting,0
5733,Today is a beautiful day,0
5734,I like learning NLP,0
5735,I am studying computer science,0
5736,Today is a beautiful day,0
5737,The university campus is large,0
5738,Today is a beautiful day,0
5739,I am studying computer science,0
5740,Today is a beautiful day,0
5741,I am studying computer science,0
5742,The university campus is large,0
5743,The university campus is large,0
5744,I am studying computer science,0
5745,I like learning NLP,0
5746,Machine learning is interesting,0
5747,The university campus is large,0
5748,Machine learning is interesting,0
5749,I like learning NLP,0
5750,The university campus is large,0
5751,The university campus is large,0
5752,Machine learning is interesting,0
5753,I like learning NLP,0
5754,Machine learning is interesting,0
5755,The university campus is large,0
5756,I am studying computer science,0
5757,Today is a beautiful day,0
5758,The university campus is large,0
5759,The university campus is large,0
5760,Today is a beautiful day,0
5761,I like learning NLP,0
5762,Machine learning is interesting,0
5763,I am studying computer science,0
5764,I am studying computer science,0
5765,Today is a beautiful day,0
5766,I am studying computer science,0
5767,Machine learning is interesting,0
5768,I like learning NLP,0
5769,The university campus is large,0
5770,Machine learning is interesting,0
5771,Today is a beautiful day,0
5772,I am studying computer science,0
5773,I like learning NLP,0
5774,The university campus is large,0
5775,I like learning NLP,0
5776,I am studying computer science,0
5777,Today is a beautiful day,0
5778,I like learning NLP,0
5779,I am studying computer science,0
5780,I like learning NLP,0
5781,Today is a beautiful day,0
5782,I like learning NLP,0
5783,The university campus is large,0
5784,Today is a beautiful day,0
5785,I like learning NLP,0
5786,I am studying computer science,0
5787,I like learning NLP,0
5788,Today is a beautiful day,0
5789,The university campus is large,0
5790,I like learning NLP,0
5791,The university campus is large,0
5792,Machine learning is interesting,0
5793,Today is a beautiful day,0
5794,I like learning NLP,0
5795,The university campus is large,0
5796,Today is a beautiful day,0
5797,I am studying computer science,0
5798,I like learning NLP,0
5799,Today is a beautiful day,0
5800,I am studying computer science,0
5801,Machine learning is interesting,0
5802,I am studying computer science,0
5803,I like learning NLP,0
5804,Machine learning is interesting,0
5805,I am studying computer science,0
5806,Today is a beautiful day,0
5807,The university campus is large,0
5808,The university campus is large,0
5809,Today is a beautiful day,0
5810,Machine learning is interesting,0
5811,The university campus is large,0
5812,I am studying computer science,0
5813,Machine learning is interesting,0
5814,Machine learning is interesting,0
5815,The university campus is large,0
5816,Machine learning is interesting,0
5817,I like learning NLP,0
5818,I like learning NLP,0
5819,Today is a beautiful day,0
5820,Machine learning is interesting,0
5821,The university campus is large,0
5822,The university campus is large,0
5823,The university campus is large,0
5824,The university campus is large,0
5825,I am studying computer science,0
5826,The university campus is large,0
5827,I am studying computer science,0
5828,I like learning NLP,0
5829,Machine learning is interesting,0
5830,I like learning NLP,0
5831,The university campus is large,0
5832,The university campus is large,0
5833,Today is a beautiful day,0
5834,The university campus is large,0
5835,I am studying computer science,0
5836,Machine learning is interesting,0
5837,Machine learning is interesting,0
5838,Today is a beautiful day,0
5839,The university campus is large,0
5840,I like learning NLP,0
5841,Machine learning is interesting,0
5842,I am studying computer science,0
5843,I am studying computer science,0
5844,Today is a beautiful day,0
5845,I am studying computer science,0
5846,Today is a beautiful day,0
5847,Machine learning is interesting,0
5848,Today is a beautiful day,0
5849,Today is a beautiful day,0
5850,I am studying computer science,0
5851,The university campus is large,0
5852,I am studying computer science,0
5853,Machine learning is interesting,0
5854,I am studying computer science,0
5855,I like learning NLP,0
5856,Today is a beautiful day,0
5857,The university campus is large,0
5858,Machine learning is interesting,0
5859,Machine learning is interesting,0
5860,I like learning NLP,0
5861,Today is a beautiful day,0
5862,Machine learning is interesting,0
5863,I am studying computer science,0
5864,Today is a beautiful day,0
5865,I am studying computer science,0
5866,Machine learning is interesting,0
5867,The university campus is large,0
5868,Machine learning is interesting,0
5869,I like learning NLP,0
5870,I am studying computer science,0
5871,The university campus is large,0
5872,Machine learning is interesting,0
5873,I am studying computer science,0
5874,The university campus is large,0
5875,Machine learning is interesting,0
5876,Today is a beautiful day,0
5877,Today is a beautiful day,0
5878,Today is a beautiful day,0
5879,I like learning NLP,0
5880,Machine learning is interesting,0
5881,The university campus is large,0
5882,The university campus is large,0
5883,I like learning NLP,0
5884,The university campus is large,0
5885,Machine learning is interesting,0
5886,Machine learning is interesting,0
5887,Machine learning is interesting,0
5888,I am studying computer science,0
5889,Machine learning is interesting,0
5890,I am studying computer science,0
5891,Today is a beautiful day,0
5892,I am studying computer science,0
5893,Machine learning is interesting,0
5894,Today is a beautiful day,0
5895,The university campus is large,0
5896,I like learning NLP,0
5897,Machine learning is interesting,0
5898,The university campus is large,0
5899,Today is a beautiful day,0
5900,Machine learning is interesting,0
5901,Today is a beautiful day,0
5902,Machine learning is interesting,0
5903,Today is a beautiful day,0
5904,I am studying computer science,0
5905,The university campus is large,0
5906,Machine learning is interesting,0
5907,I am studying computer science,0
5908,I like learning NLP,0
5909,Machine learning is interesting,0
5910,I am studying computer science,0
5911,I like learning NLP,0
5912,Machine learning is interesting,0
5913,I am studying computer science,0
5914,I am studying computer science,0
5915,I like learning NLP,0
5916,I like learning NLP,0
5917,I like learning NLP,0
5918,The university campus is large,0
5919,I like learning NLP,0
5920,Machine learning is interesting,0
5921,Machine learning is interesting,0
5922,I am studying computer science,0
5923,The university campus is large,0
5924,I am studying computer science,0
5925,I am studying computer science,0
5926,Today is a beautiful day,0
5927,I like learning NLP,0
5928,Machine learning is interesting,0
5929,Today is a beautiful day,0
5930,Today is a beautiful day,0
5931,The university campus is large,0
5932,The university campus is large,0
5933,Today is a beautiful day,0
5934,The university campus is large,0
5935,Today is a beautiful day,0
5936,The university campus is large,0
5937,The university campus is large,0
5938,I am studying computer science,0
5939,I like learning NLP,0
5940,Today is a beautiful day,0
5941,Today is a beautiful day,0
5942,Today is a beautiful day,0
5943,The university campus is large,0
5944,Machine learning is interesting,0
5945,I like learning NLP,0
5946,Today is a beautiful day,0
5947,Machine learning is interesting,0
5948,I am studying computer science,0
5949,I am studying computer science,0
5950,Today is a beautiful day,0
5951,Machine learning is interesting,0
5952,I am studying computer science,0
5953,Machine learning is interesting,0
5954,I like learning NLP,0
5955,The university campus is large,0
5956,Machine learning is interesting,0
5957,The university campus is large,0
5958,Machine learning is interesting,0
5959,The university campus is large,0
5960,Machine learning is interesting,0
5961,Today is a beautiful day,0
5962,Today is a beautiful day,0
5963,Today is a beautiful day,0
5964,Today is a beautiful day,0
5965,The university campus is large,0
5966,I like learning NLP,0
5967,Today is a beautiful day,0
5968,The university campus is large,0
5969,Machine learning is interesting,0
5970,The university campus is large,0
5971,I am studying computer science,0
5972,The university campus is large,0
5973,I like learning NLP,0
5974,I am studying computer science,0
5975,I like learning NLP,0
5976,I like learning NLP,0
5977,I am studying computer science,0
5978,Today is a beautiful day,0
5979,Machine learning is interesting,0
5980,I am studying computer science,0
5981,Today is a beautiful day,0
5982,I am studying computer science,0
5983,I am studying computer science,0
5984,I am studying computer science,0
5985,Machine learning is interesting,0
5986,Machine learning is interesting,0
5987,Today is a beautiful day,0
5988,I like learning NLP,0
5989,I like learning NLP,0
5990,The university campus is large,0
5991,I am studying computer science,0
5992,Machine learning is interesting,0
5993,The university campus is large,0
5994,The university campus is large,0
5995,The university campus is large,0
5996,I am studying computer science,0
5997,I like learning NLP,0
5998,Machine learning is interesting,0
5999,I am studying computer science,0
